{
"type": "FeatureCollection",
"name": "nc_counties",
"crs": { "type": "name", "properties": { "name": "urn:ogc:def:crs:OGC:1.3:CRS84" } },
"features": [
{ "type": "Feature", "properties": { "geoid": "37133", "county": "Onslow" }, "geometry": { "type": "Polygon", "coordinates": [ [ [ -77.674805, 34.9739 ], [ -77.653352, 34.940535 ], [ -77.65107, 34.923526 ], [ -77.66606, 34.839651 ], [ -77.678882, 34.78455 ], [ -77.680127, 34.720595 ], [ -77.613857, 34.576006 ], [ -77.574924, 34.478681 ], [ -77.552508, 34.471238 ], [ -77.518381411310301, 34.440874155704897 ], [ -77.411209, 34.496418 ], [ -77.307042, 34.545138 ], [ -77.233663, 34.593011 ], [ -77.239964, 34.603379 ], [ -77.20475, 34.633438 ], [ -77.179332, 34.644267 ], [ -77.113298131298393, 34.683031744889398 ], [ -77.106596, 34.712327 ], [ -77.121798, 34.731534 ], [ -77.124943, 34.754385 ], [ -77.165986, 34.785032 ], [ -77.195813, 34.809354 ], [ -77.193296, 34.831945 ], [ -77.211357, 34.852838 ], [ -77.225299, 34.887329 ], [ -77.248333, 34.900101 ], [ -77.267647, 34.92579 ], [ -77.331554, 34.93915 ], [ -77.365167, 34.92355 ], [ -77.366768, 34.90865 ], [ -77.502792, 34.969637 ], [ -77.638967, 34.98446 ], [ -77.674805, 34.9739 ] ] ] } },
{ "type": "Feature", "properties": { "geoid": "37009", "county": "Ashe" }, "geometry": { "type": "Polygon", "coordinates": [ [ [ -81.353259206395506, 36.574723412583801 ], [ -81.521032, 36.58052 ], [ -81.600934, 36.587019 ], [ -81.677535, 36.588117 ], [ -81.677036, 36.570718 ], [ -81.707963, 36.536209 ], [ -81.69729, 36.504887 ], [ -81.695311, 36.467912 ], [ -81.71489, 36.45722 ], [ -81.720734, 36.422537 ], [ -81.740651, 36.413141 ], [ -81.728585547934202, 36.391218721207501 ], [ -81.638186, 36.349606 ], [ -81.590142, 36.304031 ], [ -81.566119, 36.272037 ], [ -81.552237, 36.276387 ], [ -81.486319, 36.241256 ], [ -81.477516, 36.24025 ], [ -81.473485, 36.253122 ], [ -81.429724, 36.266662 ], [ -81.429142, 36.277561 ], [ -81.366667, 36.285884 ], [ -81.354, 36.355893 ], [ -81.325825, 36.375002 ], [ -81.278881, 36.36309 ], [ -81.253552, 36.366622 ], [ -81.245549, 36.391218 ], [ -81.26625, 36.415641 ], [ -81.272081, 36.446848 ], [ -81.322575, 36.495826 ], [ -81.328339, 36.517333 ], [ -81.35315, 36.546077 ], [ -81.353259206395506, 36.574723412583801 ] ] ] } },
{ "type": "Feature", "properties": { "geoid": "37169", "county": "Stokes" }, "geometry": { "type": "Polygon", "coordinates": [ [ [ -80.440341154191302, 36.550640156032301 ], [ -80.448305, 36.405852 ], [ -80.451925, 36.261515 ], [ -80.035119, 36.257184 ], [ -80.027338975959196, 36.542495111325699 ], [ -80.295243, 36.543973 ], [ -80.440341154191302, 36.550640156032301 ] ] ] } },
{ "type": "Feature", "properties": { "geoid": "37053", "county": "Currituck" }, "geometry": { "type": "Polygon", "coordinates": [ [ [ -76.313302917841099, 36.5505512312821 ], [ -76.158532, 36.425333 ], [ -76.157472, 36.398178 ], [ -76.12181, 36.371088 ], [ -76.114361, 36.357583 ], [ -76.064227, 36.347308 ], [ -76.036413, 36.355174 ], [ -75.999651, 36.311174 ], [ -75.975849, 36.310345 ], [ -75.962505270859793, 36.266818079293301 ], [ -75.923292, 36.245948 ], [ -75.906572, 36.20876 ], [ -75.875026, 36.184138 ], [ -75.862871, 36.159607 ], [ -75.866739, 36.127479 ], [ -75.849318, 36.104811 ], [ -75.798168, 36.0722 ], [ -75.799433, 36.117667 ], [ -75.840263, 36.177198 ], [ -75.83681, 36.203835 ], [ -75.863859, 36.229308 ], [ -75.86476, 36.284991 ], [ -75.883381, 36.284739 ], [ -75.895286, 36.319615 ], [ -75.923512, 36.367796 ], [ -75.91641, 36.38901 ], [ -75.924514, 36.42545 ], [ -75.956279, 36.400833 ], [ -75.971966, 36.437173 ], [ -76.012338, 36.447462 ], [ -76.042557, 36.510565 ], [ -76.026395, 36.516486 ], [ -76.030673, 36.538832 ], [ -76.002627, 36.537114 ], [ -75.980998, 36.511329 ], [ -75.989099, 36.49514 ], [ -75.935474, 36.490601 ], [ -75.899909, 36.482124 ], [ -75.888326, 36.441583 ], [ -75.864951, 36.437746 ], [ -75.843322, 36.419961 ], [ -75.847719, 36.378447 ], [ -75.828942, 36.365721 ], [ -75.823119, 36.32255 ], [ -75.85176, 36.324178 ], [ -75.833696, 36.293629 ], [ -75.813137, 36.291713 ], [ -75.803867, 36.267667 ], [ -75.810879, 36.249076 ], [ -75.795437173459902, 36.227111121671101 ], [ -75.773330406389107, 36.231528320609399 ], [ -75.796411, 36.290351 ], [ -75.818736, 36.357579 ], [ -75.857705, 36.500828 ], [ -75.867647, 36.550412 ], [ -76.313302917841099, 36.5505512312821 ] ] ] } },
{ "type": "Feature", "properties": { "geoid": "37173", "county": "Swain" }, "geometry": { "type": "Polygon", "coordinates": [ [ [ -83.25561, 35.696061 ], [ -83.312757, 35.654809 ], [ -83.334965, 35.665471 ], [ -83.35156, 35.659858 ], [ -83.366941, 35.638728 ], [ -83.432298, 35.609941 ], [ -83.445802, 35.611803 ], [ -83.498335, 35.562981 ], [ -83.56609, 35.565993 ], [ -83.582, 35.562684 ], [ -83.601854, 35.578228 ], [ -83.629734, 35.567889 ], [ -83.707199, 35.568533 ], [ -83.723459, 35.561874 ], [ -83.771736, 35.562118 ], [ -83.82559, 35.523829 ], [ -83.882563, 35.517182 ], [ -83.911773, 35.476028 ], [ -83.952882, 35.460635 ], [ -83.928773, 35.449936 ], [ -83.914077, 35.465054 ], [ -83.873794, 35.460413 ], [ -83.806711, 35.444824 ], [ -83.732819, 35.447406 ], [ -83.669861, 35.435643 ], [ -83.642949, 35.443464 ], [ -83.610109, 35.426976 ], [ -83.585756, 35.434832 ], [ -83.582386, 35.40963 ], [ -83.593337, 35.376705 ], [ -83.620475, 35.345491 ], [ -83.68474, 35.324074 ], [ -83.695343, 35.297536 ], [ -83.680264, 35.279387 ], [ -83.673057, 35.282774 ], [ -83.497917, 35.299301 ], [ -83.47136, 35.297403 ], [ -83.432772, 35.325105 ], [ -83.410918, 35.316528 ], [ -83.399901, 35.327605 ], [ -83.339609, 35.330993 ], [ -83.33144, 35.353733 ], [ -83.352078, 35.411268 ], [ -83.363732, 35.426646 ], [ -83.351726, 35.468092 ], [ -83.318342, 35.465262 ], [ -83.281518, 35.499009 ], [ -83.236355, 35.524465 ], [ -83.186322, 35.514368 ], [ -83.156037, 35.553928 ], [ -83.166964, 35.57869 ], [ -83.185519, 35.598271 ], [ -83.177098, 35.631955 ], [ -83.202323, 35.650252 ], [ -83.184218, 35.671245 ], [ -83.21513, 35.692337 ], [ -83.25561, 35.696061 ] ] ] } },
{ "type": "Feature", "properties": { "geoid": "37131", "county": "Northampton" }, "geometry": { "type": "Polygon", "coordinates": [ [ [ -77.899771, 36.544663 ], [ -77.899524, 36.504259 ], [ -77.858293, 36.506648 ], [ -77.818951, 36.500677 ], [ -77.774026, 36.481696 ], [ -77.742615, 36.479875 ], [ -77.709667, 36.487076 ], [ -77.68114, 36.479177 ], [ -77.648863, 36.48149 ], [ -77.630234, 36.449765 ], [ -77.609632, 36.436746 ], [ -77.550498, 36.414004 ], [ -77.547012, 36.373914 ], [ -77.579921, 36.350076 ], [ -77.585599, 36.337344 ], [ -77.571386, 36.314086 ], [ -77.541108, 36.303264 ], [ -77.495096, 36.308381 ], [ -77.445886, 36.324888 ], [ -77.414418, 36.293472 ], [ -77.411062, 36.266675 ], [ -77.376284, 36.242963 ], [ -77.386595, 36.213548 ], [ -77.350971, 36.191532 ], [ -77.32837, 36.191907 ], [ -77.313061, 36.172209 ], [ -77.291519, 36.168342 ], [ -77.29825, 36.207708 ], [ -77.264064, 36.217183 ], [ -77.228799, 36.217387 ], [ -77.208468, 36.246578 ], [ -77.178567, 36.316943 ], [ -77.131348, 36.437826 ], [ -77.137228, 36.455383 ], [ -77.112444, 36.477663 ], [ -77.091502, 36.471751 ], [ -77.070434, 36.479908 ], [ -77.093224, 36.518216 ], [ -77.148354, 36.525031 ], [ -77.164370064468002, 36.5463052210333 ], [ -77.205156, 36.544581 ], [ -77.474444770055499, 36.545045350665802 ], [ -77.749706, 36.54552 ], [ -77.899771, 36.544663 ] ] ] } },
{ "type": "Feature", "properties": { "geoid": "37153", "county": "Richmond" }, "geometry": { "type": "Polygon", "coordinates": [ [ [ -80.075365, 35.143081 ], [ -80.064317, 35.110228 ], [ -80.022915, 35.090044 ], [ -79.992941, 35.08559 ], [ -79.976665, 35.102469 ], [ -79.946122, 35.118593 ], [ -79.923972, 35.11543 ], [ -79.911758, 35.091782 ], [ -79.907851, 35.065656 ], [ -79.884925, 35.052604 ], [ -79.877197, 35.03531 ], [ -79.892427, 35.02487 ], [ -79.89929, 35.003674 ], [ -79.863707, 34.97657 ], [ -79.872303, 34.950371 ], [ -79.84961, 34.911362 ], [ -79.850536, 34.898376 ], [ -79.880145, 34.866798 ], [ -79.899748, 34.858451 ], [ -79.913755, 34.818922 ], [ -79.927415787685803, 34.806550818802698 ], [ -79.692946405502695, 34.804973357591201 ], [ -79.622929, 34.826817 ], [ -79.626557, 34.852284 ], [ -79.616, 34.865928 ], [ -79.561856, 34.91035 ], [ -79.58173, 34.935442 ], [ -79.585618, 34.954745 ], [ -79.573423, 34.99221 ], [ -79.513485, 35.024632 ], [ -79.458751, 35.043639 ], [ -79.501304, 35.064235 ], [ -79.565136, 35.063665 ], [ -79.582779, 35.08396 ], [ -79.573905, 35.121956 ], [ -79.606251, 35.149008 ], [ -79.614304, 35.163679 ], [ -79.642129, 35.157717 ], [ -79.673494, 35.175374 ], [ -79.749463, 35.172999 ], [ -79.851268, 35.183855 ], [ -79.89861, 35.161714 ], [ -79.944271, 35.164169 ], [ -79.983399, 35.15851 ], [ -80.022753, 35.137191 ], [ -80.075365, 35.143081 ] ] ] } },
{ "type": "Feature", "properties": { "geoid": "37051", "county": "Cumberland" }, "geometry": { "type": "Polygon", "coordinates": [ [ [ -79.097551, 35.174233 ], [ -79.112853, 35.125912 ], [ -79.101162, 35.114332 ], [ -79.089398, 35.070442 ], [ -79.090291, 35.042031 ], [ -79.049699, 34.991954 ], [ -79.034768, 34.962964 ], [ -79.038747, 34.952715 ], [ -78.95486, 34.913266 ], [ -78.92661, 34.886698 ], [ -78.927018, 34.863957 ], [ -78.901998, 34.835268 ], [ -78.827397, 34.850693 ], [ -78.533633, 34.851129 ], [ -78.516123, 34.845919 ], [ -78.494705, 34.856182 ], [ -78.515848, 34.882965 ], [ -78.545141, 34.900654 ], [ -78.572683, 34.937364 ], [ -78.607536, 34.953613 ], [ -78.647033, 34.992254 ], [ -78.644994, 35.008401 ], [ -78.65933, 35.042831 ], [ -78.662955, 35.077962 ], [ -78.648783, 35.125208 ], [ -78.636769, 35.141499 ], [ -78.637313, 35.197867 ], [ -78.624376, 35.203983 ], [ -78.617114, 35.245718 ], [ -78.705153, 35.256993 ], [ -78.725948, 35.266905 ], [ -78.769854, 35.25956 ], [ -78.793447, 35.265976 ], [ -78.867507, 35.245015 ], [ -78.880408, 35.23044 ], [ -78.921676, 35.222454 ], [ -79.01123, 35.211294 ], [ -79.095808, 35.192068 ], [ -79.097551, 35.174233 ] ] ] } },
{ "type": "Feature", "properties": { "geoid": "37085", "county": "Harnett" }, "geometry": { "type": "Polygon", "coordinates": [ [ [ -79.183556, 35.307161 ], [ -79.223021, 35.268133 ], [ -79.19375, 35.25023 ], [ -79.165108, 35.240925 ], [ -79.151636, 35.213999 ], [ -79.095808, 35.192068 ], [ -79.01123, 35.211294 ], [ -78.921676, 35.222454 ], [ -78.880408, 35.23044 ], [ -78.867507, 35.245015 ], [ -78.793447, 35.265976 ], [ -78.769854, 35.25956 ], [ -78.725948, 35.266905 ], [ -78.705153, 35.256993 ], [ -78.617114, 35.245718 ], [ -78.584639, 35.273312 ], [ -78.581756, 35.298167 ], [ -78.538349, 35.31641 ], [ -78.535196, 35.345032 ], [ -78.562661, 35.362223 ], [ -78.572501, 35.386482 ], [ -78.595094, 35.401948 ], [ -78.598773, 35.41826 ], [ -78.62724, 35.45827 ], [ -78.650253, 35.472416 ], [ -78.660555, 35.496245 ], [ -78.687835, 35.504208 ], [ -78.708902, 35.519458 ], [ -78.916067, 35.584102 ], [ -78.96964, 35.521669 ], [ -79.183556, 35.307161 ] ] ] } },
{ "type": "Feature", "properties": { "geoid": "37199", "county": "Yancey" }, "geometry": { "type": "Polygon", "coordinates": [ [ [ -82.416660772701903, 36.072773655932203 ], [ -82.460658, 36.007809 ], [ -82.505454150453104, 35.9776714603071 ], [ -82.488536, 35.942276 ], [ -82.494934, 35.910275 ], [ -82.448661, 35.896852 ], [ -82.417506, 35.859238 ], [ -82.408602, 35.818178 ], [ -82.382045, 35.823965 ], [ -82.348864, 35.81168 ], [ -82.335054, 35.749396 ], [ -82.313065, 35.733603 ], [ -82.291297, 35.72993 ], [ -82.275399, 35.704438 ], [ -82.257202, 35.699336 ], [ -82.242765, 35.712448 ], [ -82.193839, 35.73511 ], [ -82.158274, 35.779629 ], [ -82.167895, 35.789138 ], [ -82.133484, 35.823309 ], [ -82.146189, 35.86344 ], [ -82.146879, 35.901995 ], [ -82.15501, 35.920843 ], [ -82.197707, 35.952343 ], [ -82.191705, 35.990636 ], [ -82.214192, 36.01706 ], [ -82.238521, 36.004837 ], [ -82.26807, 36.016625 ], [ -82.299139, 36.040219 ], [ -82.312435, 36.026104 ], [ -82.338201, 36.030088 ], [ -82.336385, 36.052437 ], [ -82.34529, 36.076459 ], [ -82.380081, 36.07074 ], [ -82.400518, 36.081627 ], [ -82.416660772701903, 36.072773655932203 ] ] ] } },
{ "type": "Feature", "properties": { "geoid": "37065", "county": "Edgecombe" }, "geometry": { "type": "Polygon", "coordinates": [ [ [ -77.828444, 35.867208 ], [ -77.751339, 35.827794 ], [ -77.75042, 35.817878 ], [ -77.718414, 35.728802 ], [ -77.674837, 35.689104 ], [ -77.665131, 35.674935 ], [ -77.545536, 35.746076 ], [ -77.516261, 35.761334 ], [ -77.472286, 35.801095 ], [ -77.424989, 35.80555 ], [ -77.409614, 35.826404 ], [ -77.390154, 35.833062 ], [ -77.350369, 35.819228 ], [ -77.349342, 35.867593 ], [ -77.342418, 35.905262 ], [ -77.4092, 35.998688 ], [ -77.402614, 36.004966 ], [ -77.427935, 36.005281 ], [ -77.437797, 36.019095 ], [ -77.474851, 36.037775 ], [ -77.517646, 36.036775 ], [ -77.540136, 36.060828 ], [ -77.526614, 36.07127 ], [ -77.533161, 36.090659 ], [ -77.551973, 36.098867 ], [ -77.625911, 36.111617 ], [ -77.643976, 36.138135 ], [ -77.697956, 36.15315 ], [ -77.709667, 36.110149 ], [ -77.741924, 36.06112 ], [ -77.771789, 36.0067 ], [ -77.777751, 35.984635 ], [ -77.828444, 35.867208 ] ] ] } },
{ "type": "Feature", "properties": { "geoid": "37193", "county": "Wilkes" }, "geometry": { "type": "Polygon", "coordinates": [ [ [ -81.477516, 36.24025 ], [ -81.455792, 36.200441 ], [ -81.500366, 36.142527 ], [ -81.545488, 36.117475 ], [ -81.516172, 36.097403 ], [ -81.498699, 36.100454 ], [ -81.440666, 36.073207 ], [ -81.423965, 36.077671 ], [ -81.40264, 36.065687 ], [ -81.38703, 36.043491 ], [ -81.343523, 36.022805 ], [ -81.328324, 35.996583 ], [ -81.295437, 36.007234 ], [ -81.268451, 36.024983 ], [ -81.193267, 36.036663 ], [ -81.166664, 36.025668 ], [ -81.137454, 36.036424 ], [ -81.098132, 36.028177 ], [ -81.057543, 36.031572 ], [ -81.028833, 36.045652 ], [ -80.975675, 36.05881 ], [ -80.881591, 36.055718 ], [ -80.873205, 36.236305 ], [ -80.868746, 36.326447 ], [ -80.893075, 36.340945 ], [ -80.905784, 36.361099 ], [ -80.931386, 36.366939 ], [ -80.967153, 36.40202 ], [ -80.994653, 36.379399 ], [ -81.026688, 36.373195 ], [ -81.043789, 36.393323 ], [ -81.044272, 36.411063 ], [ -81.077794, 36.417806 ], [ -81.0948, 36.440408 ], [ -81.147653, 36.419181 ], [ -81.162956, 36.432515 ], [ -81.189256, 36.399351 ], [ -81.243523, 36.366057 ], [ -81.253552, 36.366622 ], [ -81.278881, 36.36309 ], [ -81.325825, 36.375002 ], [ -81.354, 36.355893 ], [ -81.366667, 36.285884 ], [ -81.429142, 36.277561 ], [ -81.429724, 36.266662 ], [ -81.473485, 36.253122 ], [ -81.477516, 36.24025 ] ] ] } },
{ "type": "Feature", "properties": { "geoid": "37117", "county": "Martin" }, "geometry": { "type": "Polygon", "coordinates": [ [ [ -77.402614, 36.004966 ], [ -77.4092, 35.998688 ], [ -77.342418, 35.905262 ], [ -77.349342, 35.867593 ], [ -77.350369, 35.819228 ], [ -77.2552, 35.786352 ], [ -77.259792, 35.765222 ], [ -77.215925, 35.76008 ], [ -77.174, 35.732831 ], [ -77.16384, 35.739473 ], [ -77.034646, 35.678952 ], [ -76.985842, 35.658848 ], [ -76.847264, 35.719982 ], [ -76.818569, 35.74705 ], [ -76.792961, 35.789905 ], [ -76.802573, 35.805238 ], [ -76.781901, 35.826676 ], [ -76.778699, 35.856608 ], [ -76.760598, 35.864887 ], [ -76.780985, 35.863871 ], [ -76.802961, 35.881668 ], [ -76.829398, 35.886076 ], [ -76.83166, 35.855949 ], [ -76.875222, 35.813721 ], [ -76.895486, 35.813155 ], [ -76.903494, 35.837436 ], [ -76.89514, 35.865763 ], [ -76.916343, 35.893383 ], [ -76.93904, 35.90151 ], [ -76.96188, 35.88238 ], [ -76.987969, 35.875839 ], [ -77.00525, 35.858433 ], [ -77.043243, 35.861038 ], [ -77.025254, 35.902776 ], [ -77.02811, 35.92579 ], [ -77.055842, 35.944404 ], [ -77.124916, 35.926685 ], [ -77.162831, 35.937666 ], [ -77.185816, 35.930874 ], [ -77.202282, 35.947418 ], [ -77.190268, 35.973678 ], [ -77.196664, 35.992917 ], [ -77.217223, 36.01519 ], [ -77.230515, 36.015577 ], [ -77.318651, 36.055428 ], [ -77.327569, 36.071361 ], [ -77.339279, 36.064707 ], [ -77.402614, 36.004966 ] ] ] } },
{ "type": "Feature", "properties": { "geoid": "37099", "county": "Jackson" }, "geometry": { "type": "Polygon", "coordinates": [ [ [ -83.186322, 35.514368 ], [ -83.236355, 35.524465 ], [ -83.281518, 35.499009 ], [ -83.318342, 35.465262 ], [ -83.351726, 35.468092 ], [ -83.363732, 35.426646 ], [ -83.352078, 35.411268 ], [ -83.33144, 35.353733 ], [ -83.339609, 35.330993 ], [ -83.312076, 35.281747 ], [ -83.31593, 35.264796 ], [ -83.298612, 35.255791 ], [ -83.291153, 35.233773 ], [ -83.276955, 35.228045 ], [ -83.224672, 35.238726 ], [ -83.216645, 35.223284 ], [ -83.225345, 35.177159 ], [ -83.221606, 35.158634 ], [ -83.187077, 35.133994 ], [ -83.177556, 35.1089 ], [ -83.147714, 35.093763 ], [ -83.171212, 35.060516 ], [ -83.14814, 35.053625 ], [ -83.126229, 35.015704 ], [ -83.108568, 35.001354 ], [ -83.008700274354396, 35.0276262282459 ], [ -83.055094, 35.053982 ], [ -83.044942, 35.077127 ], [ -82.983873, 35.131295 ], [ -82.980903, 35.148351 ], [ -82.996621, 35.163361 ], [ -82.986919, 35.187638 ], [ -82.968805, 35.194592 ], [ -82.959629, 35.215515 ], [ -82.935343, 35.225295 ], [ -82.919178, 35.270945 ], [ -82.920881, 35.292037 ], [ -82.927321, 35.302802 ], [ -82.964725, 35.315289 ], [ -82.964852, 35.333426 ], [ -82.997218, 35.373028 ], [ -83.021129, 35.378651 ], [ -83.043724, 35.394395 ], [ -83.044365, 35.415097 ], [ -83.080089, 35.434749 ], [ -83.091435, 35.457531 ], [ -83.1377, 35.464369 ], [ -83.141549, 35.493469 ], [ -83.165028, 35.509698 ], [ -83.186322, 35.514368 ] ] ] } },
{ "type": "Feature", "properties": { "geoid": "37031", "county": "Carteret" }, "geometry": { "type": "MultiPolygon", "coordinates": [ [ [ [ -76.330138, 34.847942 ], [ -76.242577, 34.907764 ], [ -76.185629, 34.955933 ], [ -76.074109, 35.039032 ], [ -76.037507, 35.057011 ], [ -76.053954, 35.071407 ], [ -76.075916, 35.069929 ], [ -76.088846, 35.045181 ], [ -76.135906, 35.010303 ], [ -76.195897, 34.958972 ], [ -76.226985, 34.925694 ], [ -76.276232, 34.885853 ], [ -76.330138, 34.847942 ] ] ], [ [ [ -76.553628, 34.623165 ], [ -76.53547, 34.591552 ], [ -76.524536, 34.615732 ], [ -76.488124, 34.671031 ], [ -76.434503, 34.734107 ], [ -76.473958, 34.711368 ], [ -76.532237, 34.61049 ], [ -76.553628, 34.623165 ] ] ], [ [ [ -77.098513987700102, 34.646888298414503 ], [ -77.092978, 34.644593 ], [ -77.014274, 34.664847 ], [ -76.896079, 34.684573 ], [ -76.815161, 34.69419 ], [ -76.743203, 34.697706 ], [ -76.693574, 34.693781 ], [ -76.696902, 34.711289 ], [ -76.730557, 34.700816 ], [ -76.827625, 34.703474 ], [ -76.844263, 34.695267 ], [ -76.898074, 34.690264 ], [ -76.908056, 34.685026 ], [ -77.002368, 34.67197 ], [ -77.014632, 34.676035 ], [ -77.088313, 34.656017 ], [ -77.098513987700102, 34.646888298414503 ] ] ], [ [ [ -77.078263, 34.811322 ], [ -77.116163, 34.793965 ], [ -77.161502, 34.793435 ], [ -77.165986, 34.785032 ], [ -77.124943, 34.754385 ], [ -77.121798, 34.731534 ], [ -77.106596, 34.712327 ], [ -77.113298131298393, 34.683031744889398 ], [ -77.092719, 34.672948 ], [ -77.040336, 34.68953 ], [ -77.005215, 34.692473 ], [ -76.967556, 34.706776 ], [ -76.891995, 34.725447 ], [ -76.84193, 34.729352 ], [ -76.734383, 34.721161 ], [ -76.619365, 34.704193 ], [ -76.627011, 34.719356 ], [ -76.617742, 34.753147 ], [ -76.617267, 34.7879 ], [ -76.604432, 34.789852 ], [ -76.575197, 34.739672 ], [ -76.553093, 34.725803 ], [ -76.512687, 34.720333 ], [ -76.498427, 34.732054 ], [ -76.514114, 34.754319 ], [ -76.473054, 34.769379 ], [ -76.451366, 34.808003 ], [ -76.431401, 34.828881 ], [ -76.412149, 34.832198 ], [ -76.41001, 34.861457 ], [ -76.382201, 34.856971 ], [ -76.368275, 34.872881 ], [ -76.346787, 34.873353 ], [ -76.314087, 34.906322 ], [ -76.336804, 34.909809 ], [ -76.340845, 34.93339 ], [ -76.313512, 34.926764 ], [ -76.279524, 34.941378 ], [ -76.27786, 34.960665 ], [ -76.305668, 34.991436 ], [ -76.28808, 34.996304 ], [ -76.262411, 34.975273 ], [ -76.249314, 35.000668 ], [ -76.293683, 35.009633 ], [ -76.364138, 35.036597 ], [ -76.34037, 34.997277 ], [ -76.320642, 34.975467 ], [ -76.3803, 34.970209 ], [ -76.422845, 34.95073 ], [ -76.425462, 35.001464 ], [ -76.440433, 35.014604 ], [ -76.43045, 35.028229 ], [ -76.435763, 35.057941 ], [ -76.463469, 35.076411 ], [ -76.485813, 35.0406 ], [ -76.497476, 35.00818 ], [ -76.564702, 34.998339 ], [ -76.578525, 34.976246 ], [ -76.631052, 34.98871 ], [ -76.657434, 34.982478 ], [ -76.677237378215395, 34.957711778881503 ], [ -76.652571, 34.937595 ], [ -76.660633, 34.915578 ], [ -76.682974, 34.899269 ], [ -76.693018, 34.86918 ], [ -76.758008, 34.846285 ], [ -76.883052, 34.844896 ], [ -76.882306, 34.836685 ], [ -76.954773, 34.824508 ], [ -76.954438, 34.809066 ], [ -77.078263, 34.811322 ] ] ] ] } },
{ "type": "Feature", "properties": { "geoid": "37165", "county": "Scotland" }, "geometry": { "type": "Polygon", "coordinates": [ [ [ -79.458751, 35.043639 ], [ -79.513485, 35.024632 ], [ -79.573423, 34.99221 ], [ -79.585618, 34.954745 ], [ -79.58173, 34.935442 ], [ -79.561856, 34.91035 ], [ -79.616, 34.865928 ], [ -79.626557, 34.852284 ], [ -79.622929, 34.826817 ], [ -79.692946405502695, 34.804973357591201 ], [ -79.675299, 34.804744 ], [ -79.461562888371205, 34.630298007685496 ], [ -79.331693, 34.773008 ], [ -79.357624, 34.820306 ], [ -79.347868, 34.838553 ], [ -79.33786, 34.858898 ], [ -79.348854, 34.887446 ], [ -79.352886, 34.939715 ], [ -79.361035, 34.957592 ], [ -79.398496, 34.995225 ], [ -79.449463, 35.027083 ], [ -79.458751, 35.043639 ] ] ] } },
{ "type": "Feature", "properties": { "geoid": "37019", "county": "Brunswick" }, "geometry": { "type": "Polygon", "coordinates": [ [ [ -78.16235, 34.357007 ], [ -78.254622, 34.216305 ], [ -78.374295, 34.204893 ], [ -78.369134, 34.188178 ], [ -78.387109, 34.177655 ], [ -78.427502, 34.139817 ], [ -78.495951, 34.167628 ], [ -78.515216, 34.165948 ], [ -78.545218, 34.145747 ], [ -78.54805, 34.095293 ], [ -78.555043, 34.067071 ], [ -78.575967, 34.054498 ], [ -78.5908, 34.027155 ], [ -78.617019, 34.023355 ], [ -78.640615, 34.01028 ], [ -78.626528, 33.980026 ], [ -78.648351, 33.96554 ], [ -78.6503641799208, 33.944338496904003 ], [ -78.547324, 33.856483 ], [ -78.380229, 33.90334 ], [ -78.247841, 33.914781 ], [ -78.177721, 33.914272 ], [ -78.120349, 33.910309 ], [ -78.016388, 33.888573 ], [ -78.016969, 33.902349 ], [ -77.98903, 33.902451 ], [ -77.993611, 33.881979 ], [ -78.008792, 33.86822 ], [ -77.995949, 33.855095 ], [ -77.960486, 33.843151 ], [ -77.953356, 33.895646 ], [ -77.9372410368847, 33.929240815842803 ], [ -77.948479, 33.971274 ], [ -77.933953, 34.017108 ], [ -77.931103, 34.058884 ], [ -77.936921, 34.122845 ], [ -77.953502, 34.153547 ], [ -77.961092, 34.203432 ], [ -77.956605, 34.234491 ], [ -77.996512, 34.284369 ], [ -78.017113, 34.292769 ], [ -78.014257, 34.323032 ], [ -78.029922, 34.331768 ], [ -78.075647, 34.337921 ], [ -78.120727, 34.368002 ], [ -78.16235, 34.357007 ] ] ] } },
{ "type": "Feature", "properties": { "geoid": "37129", "county": "New Hanover" }, "geometry": { "type": "Polygon", "coordinates": [ [ [ -78.029922, 34.331768 ], [ -78.014257, 34.323032 ], [ -78.017113, 34.292769 ], [ -77.996512, 34.284369 ], [ -77.956605, 34.234491 ], [ -77.961092, 34.203432 ], [ -77.953502, 34.153547 ], [ -77.936921, 34.122845 ], [ -77.931103, 34.058884 ], [ -77.933953, 34.017108 ], [ -77.948479, 33.971274 ], [ -77.9372410368847, 33.929240815842803 ], [ -77.915537, 33.971723 ], [ -77.875214, 34.074733 ], [ -77.829369, 34.163252 ], [ -77.775334, 34.233321 ], [ -77.740137, 34.272546 ], [ -77.710646892026901, 34.297685345889398 ], [ -77.739198, 34.292752 ], [ -77.811091, 34.358024 ], [ -77.804709, 34.376292 ], [ -77.822995, 34.389359 ], [ -77.856454, 34.380297 ], [ -77.8799, 34.366282 ], [ -77.918493, 34.37484 ], [ -77.979766, 34.360601 ], [ -77.993202, 34.336828 ], [ -78.029922, 34.331768 ] ] ] } },
{ "type": "Feature", "properties": { "geoid": "37119", "county": "Mecklenburg" }, "geometry": { "type": "Polygon", "coordinates": [ [ [ -81.04287, 35.149248 ], [ -81.05042, 35.131048 ], [ -81.033005, 35.113747 ], [ -81.057236, 35.086129 ], [ -81.057648, 35.062433 ], [ -81.041489, 35.044703 ], [ -80.93495, 35.107409 ], [ -80.8403664538681, 35.001616114094602 ], [ -80.804506, 35.027749 ], [ -80.767555, 35.036286 ], [ -80.698585, 35.089569 ], [ -80.550349, 35.208412 ], [ -80.666095, 35.267747 ], [ -80.693061, 35.346379 ], [ -80.74441, 35.380667 ], [ -80.766414, 35.401478 ], [ -80.752167, 35.41405 ], [ -80.786787, 35.492983 ], [ -80.784167, 35.506017 ], [ -80.906723, 35.514785 ], [ -80.947344, 35.488473 ], [ -80.942489, 35.457728 ], [ -80.958691, 35.432634 ], [ -80.95486, 35.400078 ], [ -80.962896, 35.375107 ], [ -80.935877, 35.36211 ], [ -80.942509, 35.350899 ], [ -80.981471, 35.342653 ], [ -80.980804, 35.32979 ], [ -81.000873, 35.305379 ], [ -81.01505, 35.268655 ], [ -81.008268, 35.248056 ], [ -81.014127, 35.22196 ], [ -81.005268, 35.207686 ], [ -81.005806, 35.157023 ], [ -81.04287, 35.149248 ] ] ] } },
{ "type": "Feature", "properties": { "geoid": "37137", "county": "Pamlico" }, "geometry": { "type": "Polygon", "coordinates": [ [ [ -76.895919, 35.253889 ], [ -76.906165, 35.235921 ], [ -76.93259, 35.230286 ], [ -76.959481, 35.202843 ], [ -76.975854, 35.133678 ], [ -76.936527, 35.111726 ], [ -76.936149, 35.06191 ], [ -76.9487988184339, 35.051454559376801 ], [ -76.924795, 35.029238 ], [ -76.901056, 35.025115 ], [ -76.820483, 34.970988 ], [ -76.771181, 34.976742 ], [ -76.757498, 34.992409 ], [ -76.711625, 35.004481 ], [ -76.702517, 35.018933 ], [ -76.67462, 35.029974 ], [ -76.629864, 35.061309 ], [ -76.597301, 35.073954 ], [ -76.588745, 35.095932 ], [ -76.569493, 35.09846 ], [ -76.54216, 35.145311 ], [ -76.579951, 35.17407 ], [ -76.586606, 35.154445 ], [ -76.613701, 35.162995 ], [ -76.601342, 35.19738 ], [ -76.574722, 35.200876 ], [ -76.526711, 35.184755 ], [ -76.518629, 35.202236 ], [ -76.555945, 35.233886 ], [ -76.505319, 35.222626 ], [ -76.503416, 35.240681 ], [ -76.483471, 35.249803 ], [ -76.479888, 35.279108 ], [ -76.498869, 35.305888 ], [ -76.544537, 35.326243 ], [ -76.611179955939406, 35.335496694073598 ], [ -76.61886, 35.300143 ], [ -76.612186, 35.27932 ], [ -76.632561, 35.235324 ], [ -76.845276, 35.21608 ], [ -76.895919, 35.253889 ] ] ] } },
{ "type": "Feature", "properties": { "geoid": "37013", "county": "Beaufort" }, "geometry": { "type": "Polygon", "coordinates": [ [ [ -77.174, 35.732831 ], [ -77.170256, 35.719045 ], [ -77.193949, 35.709235 ], [ -77.192982, 35.694158 ], [ -77.169849, 35.684339 ], [ -77.174673, 35.658718 ], [ -77.168248, 35.6312 ], [ -77.14239, 35.61788 ], [ -77.143819, 35.601347 ], [ -77.091283, 35.569297 ], [ -77.093515, 35.550858 ], [ -77.127396, 35.553763 ], [ -77.17621, 35.5191 ], [ -77.173841, 35.456596 ], [ -77.19123, 35.435026 ], [ -77.189115, 35.418362 ], [ -76.958809, 35.300957 ], [ -76.895919, 35.253889 ], [ -76.845276, 35.21608 ], [ -76.632561, 35.235324 ], [ -76.612186, 35.27932 ], [ -76.61886, 35.300143 ], [ -76.611179955939406, 35.335496694073598 ], [ -76.651255, 35.34001 ], [ -76.68144, 35.349704 ], [ -76.719469, 35.375095 ], [ -76.80028, 35.390792 ], [ -76.844488, 35.423724 ], [ -76.876575, 35.424693 ], [ -76.925023, 35.448802 ], [ -76.96618, 35.433989 ], [ -76.986383, 35.472517 ], [ -77.034632, 35.492839 ], [ -77.042951, 35.536755 ], [ -77.009676, 35.513736 ], [ -76.979207, 35.483351 ], [ -76.957624, 35.482969 ], [ -76.906047, 35.459354 ], [ -76.880378, 35.459741 ], [ -76.830898, 35.447949 ], [ -76.769144, 35.426823 ], [ -76.710675, 35.428566 ], [ -76.680749, 35.415938 ], [ -76.666942, 35.420432 ], [ -76.647927, 35.403385 ], [ -76.577559, 35.387576 ], [ -76.592786, 35.4367 ], [ -76.607046, 35.455482 ], [ -76.597382, 35.481932 ], [ -76.614652, 35.487421 ], [ -76.637945, 35.512962 ], [ -76.599203, 35.53985 ], [ -76.581852, 35.540817 ], [ -76.537031, 35.52913 ], [ -76.484166, 35.539656 ], [ -76.468928861468896, 35.557809321824998 ], [ -76.492147, 35.572908 ], [ -76.539011, 35.582937 ], [ -76.534313, 35.595594 ], [ -76.564183, 35.601305 ], [ -76.588191, 35.620654 ], [ -76.606194, 35.646939 ], [ -76.601982, 35.670055 ], [ -76.637513, 35.705215 ], [ -76.84462, 35.705719 ], [ -76.847264, 35.719982 ], [ -76.985842, 35.658848 ], [ -77.034646, 35.678952 ], [ -77.16384, 35.739473 ], [ -77.174, 35.732831 ] ] ] } },
{ "type": "Feature", "properties": { "geoid": "37089", "county": "Henderson" }, "geometry": { "type": "Polygon", "coordinates": [ [ [ -82.265795, 35.467818 ], [ -82.332822, 35.50022 ], [ -82.371872, 35.47991 ], [ -82.367245, 35.464024 ], [ -82.417753, 35.474413 ], [ -82.470557, 35.445174 ], [ -82.561188, 35.443179 ], [ -82.570479, 35.431102 ], [ -82.608738, 35.443277 ], [ -82.622367, 35.43605 ], [ -82.653038, 35.455031 ], [ -82.673234, 35.459487 ], [ -82.715768, 35.447808 ], [ -82.745139, 35.422967 ], [ -82.647379, 35.328934 ], [ -82.610186, 35.288199 ], [ -82.603968, 35.221791 ], [ -82.590851, 35.162412 ], [ -82.574167648456793, 35.1436658020327 ], [ -82.541642, 35.162073 ], [ -82.495016, 35.164512 ], [ -82.460092, 35.178143 ], [ -82.439595, 35.165863 ], [ -82.419744, 35.198613 ], [ -82.390439, 35.215395 ], [ -82.371298, 35.181449 ], [ -82.353654314733802, 35.192222581044902 ], [ -82.346141, 35.285992 ], [ -82.316477, 35.308255 ], [ -82.305265, 35.33263 ], [ -82.261305, 35.393198 ], [ -82.270121, 35.400356 ], [ -82.280529, 35.443393 ], [ -82.265795, 35.467818 ] ] ] } },
{ "type": "Feature", "properties": { "geoid": "37113", "county": "Macon" }, "geometry": { "type": "Polygon", "coordinates": [ [ [ -83.702652, 35.248462 ], [ -83.696783, 35.225385 ], [ -83.728894, 35.200503 ], [ -83.738129, 35.15595 ], [ -83.673449, 35.157057 ], [ -83.648455, 35.152896 ], [ -83.649146, 35.134697 ], [ -83.62006, 35.126277 ], [ -83.612623, 35.102752 ], [ -83.587521, 35.092332 ], [ -83.562232, 35.059424 ], [ -83.521173, 35.018044 ], [ -83.517005, 34.999183 ], [ -83.482952428347602, 34.993483388090397 ], [ -83.322768, 34.995874 ], [ -83.108568, 35.001354 ], [ -83.126229, 35.015704 ], [ -83.14814, 35.053625 ], [ -83.171212, 35.060516 ], [ -83.147714, 35.093763 ], [ -83.177556, 35.1089 ], [ -83.187077, 35.133994 ], [ -83.221606, 35.158634 ], [ -83.225345, 35.177159 ], [ -83.216645, 35.223284 ], [ -83.224672, 35.238726 ], [ -83.276955, 35.228045 ], [ -83.291153, 35.233773 ], [ -83.298612, 35.255791 ], [ -83.31593, 35.264796 ], [ -83.312076, 35.281747 ], [ -83.339609, 35.330993 ], [ -83.399901, 35.327605 ], [ -83.410918, 35.316528 ], [ -83.432772, 35.325105 ], [ -83.47136, 35.297403 ], [ -83.497917, 35.299301 ], [ -83.673057, 35.282774 ], [ -83.680264, 35.279387 ], [ -83.702652, 35.248462 ] ] ] } },
{ "type": "Feature", "properties": { "geoid": "37139", "county": "Pasquotank" }, "geometry": { "type": "Polygon", "coordinates": [ [ [ -76.491336, 36.510677 ], [ -76.491405, 36.468648 ], [ -76.453711, 36.378092 ], [ -76.447503, 36.363553 ], [ -76.381218, 36.27585 ], [ -76.37488, 36.258654 ], [ -76.317729, 36.240409 ], [ -76.290671, 36.223497 ], [ -76.273506961951895, 36.190785639621701 ], [ -76.249101, 36.184934 ], [ -76.206874, 36.137521 ], [ -76.166626, 36.123714 ], [ -76.071673, 36.140183 ], [ -76.059271, 36.149285 ], [ -76.080107, 36.19944 ], [ -76.117188, 36.213512 ], [ -76.144281, 36.258891 ], [ -76.173908, 36.263594 ], [ -76.215812006426205, 36.300225466813899 ], [ -76.202061, 36.304709 ], [ -76.192207, 36.32814 ], [ -76.214178, 36.341599 ], [ -76.238244, 36.371588 ], [ -76.258891, 36.384274 ], [ -76.291542, 36.386629 ], [ -76.323099, 36.417316 ], [ -76.36756, 36.431387 ], [ -76.376805, 36.44594 ], [ -76.437286, 36.467846 ], [ -76.491336, 36.510677 ] ] ] } },
{ "type": "Feature", "properties": { "geoid": "37007", "county": "Anson" }, "geometry": { "type": "Polygon", "coordinates": [ [ [ -80.276829, 35.195722 ], [ -80.320807360455802, 34.814081463211998 ], [ -79.927415787685803, 34.806550818802698 ], [ -79.913755, 34.818922 ], [ -79.899748, 34.858451 ], [ -79.880145, 34.866798 ], [ -79.850536, 34.898376 ], [ -79.84961, 34.911362 ], [ -79.872303, 34.950371 ], [ -79.863707, 34.97657 ], [ -79.89929, 35.003674 ], [ -79.892427, 35.02487 ], [ -79.877197, 35.03531 ], [ -79.884925, 35.052604 ], [ -79.907851, 35.065656 ], [ -79.911758, 35.091782 ], [ -79.923972, 35.11543 ], [ -79.946122, 35.118593 ], [ -79.976665, 35.102469 ], [ -79.992941, 35.08559 ], [ -80.022915, 35.090044 ], [ -80.064317, 35.110228 ], [ -80.075365, 35.143081 ], [ -80.108271, 35.175773 ], [ -80.136233, 35.167486 ], [ -80.153889, 35.174947 ], [ -80.174741, 35.148229 ], [ -80.190638, 35.155538 ], [ -80.225002, 35.156241 ], [ -80.25167, 35.204546 ], [ -80.276829, 35.195722 ] ] ] } },
{ "type": "Feature", "properties": { "geoid": "37023", "county": "Burke" }, "geometry": { "type": "Polygon", "coordinates": [ [ [ -81.943188, 35.96005 ], [ -81.910319, 35.905524 ], [ -81.906652, 35.883376 ], [ -81.924985, 35.84307 ], [ -81.957877, 35.819315 ], [ -81.986939, 35.806923 ], [ -81.869388, 35.719624 ], [ -81.824122, 35.574983 ], [ -81.77217, 35.592944 ], [ -81.753407, 35.613588 ], [ -81.721701, 35.606308 ], [ -81.705653, 35.581214 ], [ -81.691989, 35.580041 ], [ -81.648967, 35.56161 ], [ -81.580543, 35.567518 ], [ -81.573187, 35.558679 ], [ -81.537599, 35.564228 ], [ -81.535403, 35.568137 ], [ -81.506809, 35.607956 ], [ -81.432898, 35.677847 ], [ -81.363796, 35.767802 ], [ -81.377112, 35.757633 ], [ -81.442152, 35.774426 ], [ -81.44605, 35.785245 ], [ -81.555994, 35.777538 ], [ -81.600809, 35.825096 ], [ -81.630065, 35.830377 ], [ -81.639217, 35.848346 ], [ -81.709824, 35.875034 ], [ -81.728676, 35.890956 ], [ -81.752523, 35.924426 ], [ -81.775387, 35.933624 ], [ -81.779066, 35.946722 ], [ -81.807162, 35.961955 ], [ -81.844536, 35.974976 ], [ -81.870031, 35.976306 ], [ -81.899871, 35.999909 ], [ -81.943188, 35.96005 ] ] ] } },
{ "type": "Feature", "properties": { "geoid": "37101", "county": "Johnston" }, "geometry": { "type": "Polygon", "coordinates": [ [ [ -78.708902, 35.519458 ], [ -78.687835, 35.504208 ], [ -78.660555, 35.496245 ], [ -78.650253, 35.472416 ], [ -78.62724, 35.45827 ], [ -78.598773, 35.41826 ], [ -78.595094, 35.401948 ], [ -78.572501, 35.386482 ], [ -78.562661, 35.362223 ], [ -78.535196, 35.345032 ], [ -78.538349, 35.31641 ], [ -78.49193, 35.263342 ], [ -78.411792, 35.254672 ], [ -78.397725, 35.26296 ], [ -78.30658, 35.287604 ], [ -78.289711, 35.315077 ], [ -78.256751, 35.325579 ], [ -78.234166, 35.323199 ], [ -78.209312, 35.339775 ], [ -78.158789, 35.347488 ], [ -78.162443, 35.367227 ], [ -78.145913, 35.38288 ], [ -78.15491, 35.41781 ], [ -78.064784, 35.585263 ], [ -78.125587, 35.603111 ], [ -78.157521, 35.685261 ], [ -78.160312, 35.711018 ], [ -78.192117, 35.730545 ], [ -78.204098, 35.728112 ], [ -78.249103, 35.772392 ], [ -78.245811, 35.789204 ], [ -78.255973, 35.81812 ], [ -78.365477, 35.756233 ], [ -78.482873, 35.694237 ], [ -78.708902, 35.519458 ] ] ] } },
{ "type": "Feature", "properties": { "geoid": "37093", "county": "Hoke" }, "geometry": { "type": "Polygon", "coordinates": [ [ [ -79.097551, 35.174233 ], [ -79.142711, 35.168984 ], [ -79.176837, 35.192732 ], [ -79.211347, 35.193977 ], [ -79.245471, 35.212907 ], [ -79.31054, 35.172964 ], [ -79.335437, 35.161581 ], [ -79.458751, 35.043639 ], [ -79.449463, 35.027083 ], [ -79.398496, 34.995225 ], [ -79.361035, 34.957592 ], [ -79.352886, 34.939715 ], [ -79.348854, 34.887446 ], [ -79.33786, 34.858898 ], [ -79.347868, 34.838553 ], [ -79.191391, 34.833717 ], [ -79.038747, 34.952715 ], [ -79.034768, 34.962964 ], [ -79.049699, 34.991954 ], [ -79.090291, 35.042031 ], [ -79.089398, 35.070442 ], [ -79.101162, 35.114332 ], [ -79.112853, 35.125912 ], [ -79.097551, 35.174233 ] ] ] } },
{ "type": "Feature", "properties": { "geoid": "37125", "county": "Moore" }, "geometry": { "type": "Polygon", "coordinates": [ [ [ -79.767957, 35.511484 ], [ -79.764192, 35.475735 ], [ -79.75173, 35.443994 ], [ -79.709913, 35.301275 ], [ -79.711978, 35.275882 ], [ -79.698007, 35.251521 ], [ -79.672509, 35.244994 ], [ -79.658765, 35.193968 ], [ -79.614304, 35.163679 ], [ -79.606251, 35.149008 ], [ -79.573905, 35.121956 ], [ -79.582779, 35.08396 ], [ -79.565136, 35.063665 ], [ -79.501304, 35.064235 ], [ -79.458751, 35.043639 ], [ -79.335437, 35.161581 ], [ -79.31054, 35.172964 ], [ -79.245471, 35.212907 ], [ -79.211347, 35.193977 ], [ -79.176837, 35.192732 ], [ -79.142711, 35.168984 ], [ -79.097551, 35.174233 ], [ -79.095808, 35.192068 ], [ -79.151636, 35.213999 ], [ -79.165108, 35.240925 ], [ -79.19375, 35.25023 ], [ -79.223021, 35.268133 ], [ -79.183556, 35.307161 ], [ -79.221976, 35.324337 ], [ -79.273565, 35.353369 ], [ -79.277041, 35.376606 ], [ -79.293599, 35.399581 ], [ -79.310247, 35.408517 ], [ -79.326686, 35.434896 ], [ -79.355183, 35.464634 ], [ -79.33592, 35.497754 ], [ -79.350073, 35.518002 ], [ -79.555804, 35.515039 ], [ -79.767957, 35.511484 ] ] ] } },
{ "type": "Feature", "properties": { "geoid": "37127", "county": "Nash" }, "geometry": { "type": "Polygon", "coordinates": [ [ [ -78.255973, 35.81812 ], [ -78.245811, 35.789204 ], [ -78.249103, 35.772392 ], [ -78.204098, 35.728112 ], [ -78.192117, 35.730545 ], [ -78.147209, 35.745769 ], [ -78.022703, 35.79337 ], [ -77.897358, 35.843853 ], [ -77.873867, 35.849731 ], [ -77.844737, 35.837618 ], [ -77.828444, 35.867208 ], [ -77.777751, 35.984635 ], [ -77.771789, 36.0067 ], [ -77.741924, 36.06112 ], [ -77.709667, 36.110149 ], [ -77.697956, 36.15315 ], [ -77.721149, 36.141923 ], [ -77.741905, 36.155112 ], [ -77.782119, 36.141507 ], [ -77.888329, 36.145345 ], [ -77.917958, 36.181536 ], [ -77.971393, 36.178023 ], [ -78.006551, 36.202633 ], [ -78.131228, 36.016798 ], [ -78.182182, 35.938758 ], [ -78.255973, 35.81812 ] ] ] } },
{ "type": "Feature", "properties": { "geoid": "37087", "county": "Haywood" }, "geometry": { "type": "Polygon", "coordinates": [ [ [ -82.962897902712797, 35.791734792758703 ], [ -82.992053, 35.773948 ], [ -83.036209, 35.787405 ], [ -83.078732, 35.789472 ], [ -83.120183, 35.766234 ], [ -83.159208, 35.764892 ], [ -83.185685, 35.72989 ], [ -83.240669, 35.72676 ], [ -83.255351, 35.71623 ], [ -83.25561, 35.696061 ], [ -83.21513, 35.692337 ], [ -83.184218, 35.671245 ], [ -83.202323, 35.650252 ], [ -83.177098, 35.631955 ], [ -83.185519, 35.598271 ], [ -83.166964, 35.57869 ], [ -83.156037, 35.553928 ], [ -83.186322, 35.514368 ], [ -83.165028, 35.509698 ], [ -83.141549, 35.493469 ], [ -83.1377, 35.464369 ], [ -83.091435, 35.457531 ], [ -83.080089, 35.434749 ], [ -83.044365, 35.415097 ], [ -83.043724, 35.394395 ], [ -83.021129, 35.378651 ], [ -82.997218, 35.373028 ], [ -82.964852, 35.333426 ], [ -82.964725, 35.315289 ], [ -82.927321, 35.302802 ], [ -82.920881, 35.292037 ], [ -82.876429, 35.314581 ], [ -82.831628, 35.31859 ], [ -82.804841, 35.348276 ], [ -82.78777, 35.380994 ], [ -82.74562, 35.407345 ], [ -82.745139, 35.422967 ], [ -82.781691, 35.439542 ], [ -82.798174, 35.469805 ], [ -82.785786, 35.495053 ], [ -82.779203, 35.527666 ], [ -82.765863, 35.540695 ], [ -82.777524, 35.555619 ], [ -82.765921, 35.56758 ], [ -82.799348, 35.59808 ], [ -82.813915, 35.627918 ], [ -82.851668, 35.617272 ], [ -82.864934, 35.634671 ], [ -82.883909, 35.678235 ], [ -82.899032, 35.685905 ], [ -82.91765, 35.744808 ], [ -82.952736, 35.742389 ], [ -82.952368, 35.776219 ], [ -82.962897902712797, 35.791734792758703 ] ] ] } },
{ "type": "Feature", "properties": { "geoid": "37021", "county": "Buncombe" }, "geometry": { "type": "Polygon", "coordinates": [ [ [ -82.883909, 35.678235 ], [ -82.864934, 35.634671 ], [ -82.851668, 35.617272 ], [ -82.813915, 35.627918 ], [ -82.799348, 35.59808 ], [ -82.765921, 35.56758 ], [ -82.777524, 35.555619 ], [ -82.765863, 35.540695 ], [ -82.779203, 35.527666 ], [ -82.785786, 35.495053 ], [ -82.798174, 35.469805 ], [ -82.781691, 35.439542 ], [ -82.745139, 35.422967 ], [ -82.715768, 35.447808 ], [ -82.673234, 35.459487 ], [ -82.653038, 35.455031 ], [ -82.622367, 35.43605 ], [ -82.608738, 35.443277 ], [ -82.570479, 35.431102 ], [ -82.561188, 35.443179 ], [ -82.470557, 35.445174 ], [ -82.417753, 35.474413 ], [ -82.367245, 35.464024 ], [ -82.371872, 35.47991 ], [ -82.332822, 35.50022 ], [ -82.265795, 35.467818 ], [ -82.2425, 35.467838 ], [ -82.224336, 35.498269 ], [ -82.220515, 35.520025 ], [ -82.169049, 35.527811 ], [ -82.219981, 35.553141 ], [ -82.251251, 35.559943 ], [ -82.291026, 35.591322 ], [ -82.264524, 35.617482 ], [ -82.286707, 35.653068 ], [ -82.280547, 35.66724 ], [ -82.294907, 35.683856 ], [ -82.275399, 35.704438 ], [ -82.291297, 35.72993 ], [ -82.313065, 35.733603 ], [ -82.335054, 35.749396 ], [ -82.348864, 35.81168 ], [ -82.382045, 35.823965 ], [ -82.408602, 35.818178 ], [ -82.434535, 35.809151 ], [ -82.461272, 35.809827 ], [ -82.475798, 35.798328 ], [ -82.516251, 35.802606 ], [ -82.667701, 35.73778 ], [ -82.669774, 35.725771 ], [ -82.707144, 35.732203 ], [ -82.713764, 35.717824 ], [ -82.744659, 35.714761 ], [ -82.754039, 35.703521 ], [ -82.794731, 35.695866 ], [ -82.807056, 35.685874 ], [ -82.844543, 35.700713 ], [ -82.883909, 35.678235 ] ] ] } },
{ "type": "Feature", "properties": { "geoid": "37163", "county": "Sampson" }, "geometry": { "type": "Polygon", "coordinates": [ [ [ -78.617114, 35.245718 ], [ -78.624376, 35.203983 ], [ -78.637313, 35.197867 ], [ -78.636769, 35.141499 ], [ -78.648783, 35.125208 ], [ -78.662955, 35.077962 ], [ -78.65933, 35.042831 ], [ -78.644994, 35.008401 ], [ -78.647033, 34.992254 ], [ -78.607536, 34.953613 ], [ -78.572683, 34.937364 ], [ -78.545141, 34.900654 ], [ -78.515848, 34.882965 ], [ -78.494705, 34.856182 ], [ -78.49358, 34.843138 ], [ -78.449756, 34.813507 ], [ -78.43694, 34.784169 ], [ -78.395331, 34.751082 ], [ -78.366729, 34.693126 ], [ -78.345926, 34.688519 ], [ -78.323747, 34.666778 ], [ -78.312737, 34.643605 ], [ -78.321261, 34.631214 ], [ -78.302718, 34.602471 ], [ -78.267607, 34.583981 ], [ -78.254441, 34.553595 ], [ -78.156481, 34.679095 ], [ -78.113472, 34.707219 ], [ -78.114007, 34.721795 ], [ -78.13522, 34.710214 ], [ -78.150553, 34.721964 ], [ -78.198642, 34.741637 ], [ -78.147129, 34.902506 ], [ -78.159833, 35.079809 ], [ -78.171845, 35.093528 ], [ -78.163013, 35.137266 ], [ -78.16342, 35.189716 ], [ -78.161845, 35.204323 ], [ -78.246217, 35.225996 ], [ -78.30658, 35.287604 ], [ -78.397725, 35.26296 ], [ -78.411792, 35.254672 ], [ -78.49193, 35.263342 ], [ -78.538349, 35.31641 ], [ -78.581756, 35.298167 ], [ -78.584639, 35.273312 ], [ -78.617114, 35.245718 ] ] ] } },
{ "type": "Feature", "properties": { "geoid": "37177", "county": "Tyrrell" }, "geometry": { "type": "Polygon", "coordinates": [ [ [ -76.366220934087096, 35.934757849810097 ], [ -76.380009, 35.914666 ], [ -76.369646, 35.883233 ], [ -76.353554, 35.861301 ], [ -76.405603, 35.786294 ], [ -76.405971, 35.697579 ], [ -76.269247, 35.690754 ], [ -76.297853, 35.609027 ], [ -76.213704, 35.598408 ], [ -76.195848, 35.620119 ], [ -76.192606, 35.646359 ], [ -76.177748, 35.655176 ], [ -76.175861, 35.690698 ], [ -76.141555, 35.70277 ], [ -76.120211, 35.680593 ], [ -76.092627, 35.669764 ], [ -76.061095, 35.675222 ], [ -76.045130030984694, 35.665578984181103 ], [ -76.036377, 35.688439 ], [ -76.060858, 35.716811 ], [ -76.048311, 35.73708 ], [ -76.055867, 35.760219 ], [ -76.050486, 35.806689 ], [ -76.063473, 35.824033 ], [ -76.063204, 35.853433 ], [ -76.046018, 35.870275 ], [ -76.04018, 35.894728 ], [ -76.012847, 35.921872 ], [ -76.015163, 35.95319 ], [ -76.024969, 35.969784 ], [ -76.062522, 35.990749 ], [ -76.132638, 35.989402 ], [ -76.170524, 35.994523 ], [ -76.282596, 35.967533 ], [ -76.325396, 35.938615 ], [ -76.366220934087096, 35.934757849810097 ] ] ] } },
{ "type": "Feature", "properties": { "geoid": "37039", "county": "Cherokee" }, "geometry": { "type": "Polygon", "coordinates": [ [ [ -84.029084969782403, 35.292188335624203 ], [ -84.055712, 35.268182 ], [ -84.1067, 35.25151 ], [ -84.199117, 35.243679 ], [ -84.223718, 35.269078 ], [ -84.29024, 35.225572 ], [ -84.321869, 34.988408 ], [ -84.005259348445094, 34.987440451663097 ], [ -83.956443, 35.026409 ], [ -83.958583, 35.05277 ], [ -83.907671, 35.078219 ], [ -83.840733, 35.143841 ], [ -83.816561, 35.139223 ], [ -83.772941, 35.155858 ], [ -83.738129, 35.15595 ], [ -83.728894, 35.200503 ], [ -83.696783, 35.225385 ], [ -83.702652, 35.248462 ], [ -83.773292, 35.245785 ], [ -83.795159, 35.257463 ], [ -83.831429, 35.256117 ], [ -83.959036, 35.216912 ], [ -84.006416, 35.241688 ], [ -84.009757, 35.273241 ], [ -84.029084969782403, 35.292188335624203 ] ] ] } },
{ "type": "Feature", "properties": { "geoid": "37091", "county": "Hertford" }, "geometry": { "type": "Polygon", "coordinates": [ [ [ -77.164370064468002, 36.5463052210333 ], [ -77.148354, 36.525031 ], [ -77.093224, 36.518216 ], [ -77.070434, 36.479908 ], [ -77.091502, 36.471751 ], [ -77.112444, 36.477663 ], [ -77.137228, 36.455383 ], [ -77.131348, 36.437826 ], [ -77.178567, 36.316943 ], [ -77.208468, 36.246578 ], [ -77.183144, 36.242825 ], [ -76.971399, 36.23813 ], [ -76.903383, 36.242986 ], [ -76.722225824478102, 36.243806438797598 ], [ -76.693799326979601, 36.282208177701001 ], [ -76.696571, 36.296138 ], [ -76.735329, 36.324061 ], [ -76.758492, 36.350226 ], [ -76.782766, 36.362951 ], [ -76.821442, 36.364127 ], [ -76.930017, 36.399928 ], [ -76.94706, 36.415404 ], [ -76.94708, 36.47235 ], [ -76.925261, 36.488262 ], [ -76.905063, 36.522567 ], [ -76.916060288834998, 36.543836587709301 ], [ -77.095062, 36.544626 ], [ -77.164370064468002, 36.5463052210333 ] ] ] } },
{ "type": "Feature", "properties": { "geoid": "37121", "county": "Mitchell" }, "geometry": { "type": "Polygon", "coordinates": [ [ [ -82.080944957900996, 36.105761480581101 ], [ -82.130646, 36.106417 ], [ -82.147948, 36.149516 ], [ -82.176849, 36.142214 ], [ -82.204872, 36.157067 ], [ -82.247521, 36.130865 ], [ -82.289455, 36.13571 ], [ -82.336756, 36.114909 ], [ -82.355157, 36.115609 ], [ -82.409458, 36.083409 ], [ -82.416660772701903, 36.072773655932203 ], [ -82.400518, 36.081627 ], [ -82.380081, 36.07074 ], [ -82.34529, 36.076459 ], [ -82.336385, 36.052437 ], [ -82.338201, 36.030088 ], [ -82.312435, 36.026104 ], [ -82.299139, 36.040219 ], [ -82.26807, 36.016625 ], [ -82.238521, 36.004837 ], [ -82.214192, 36.01706 ], [ -82.191705, 35.990636 ], [ -82.197707, 35.952343 ], [ -82.15501, 35.920843 ], [ -82.146879, 35.901995 ], [ -82.146189, 35.86344 ], [ -82.133484, 35.823309 ], [ -82.100825, 35.842723 ], [ -82.048039, 35.853229 ], [ -82.022591, 35.884912 ], [ -81.997269, 35.874035 ], [ -81.980168, 35.885046 ], [ -81.981954, 35.911361 ], [ -82.034104, 35.942057 ], [ -82.058764, 35.98716 ], [ -82.039175, 36.007774 ], [ -82.068021, 36.063979 ], [ -82.080944957900996, 36.105761480581101 ] ] ] } },
{ "type": "Feature", "properties": { "geoid": "37055", "county": "Dare" }, "geometry": { "type": "MultiPolygon", "coordinates": [ [ [ [ -75.726807, 35.935844 ], [ -75.702165, 35.915428 ], [ -75.697672, 35.901639 ], [ -75.67283, 35.882423 ], [ -75.660598, 35.862541 ], [ -75.667891, 35.82354 ], [ -75.614361, 35.815659 ], [ -75.616833, 35.856331 ], [ -75.62767, 35.883149 ], [ -75.65954, 35.919564 ], [ -75.69115, 35.936932 ], [ -75.726807, 35.935844 ] ] ], [ [ [ -75.732476, 35.200351 ], [ -75.720432, 35.198581 ], [ -75.649178, 35.222474 ], [ -75.602238, 35.232636 ], [ -75.558145, 35.234252 ], [ -75.531297, 35.226583 ], [ -75.518806, 35.257528 ], [ -75.506015, 35.325204 ], [ -75.485798, 35.400737 ], [ -75.479237, 35.483399 ], [ -75.461934, 35.557483 ], [ -75.461887, 35.592674 ], [ -75.475197, 35.661644 ], [ -75.504669, 35.744251 ], [ -75.521416, 35.754001 ], [ -75.495875, 35.673036 ], [ -75.471394, 35.62166 ], [ -75.468709, 35.573991 ], [ -75.476147, 35.534284 ], [ -75.488031, 35.511264 ], [ -75.483753, 35.494043 ], [ -75.495162, 35.38909 ], [ -75.513701, 35.356919 ], [ -75.515127, 35.300879 ], [ -75.523921, 35.269643 ], [ -75.537944, 35.272941 ], [ -75.579776, 35.263045 ], [ -75.618755, 35.246935 ], [ -75.641335, 35.228687 ], [ -75.668193, 35.218979 ], [ -75.686256, 35.231017 ], [ -75.700635, 35.211449 ], [ -75.732476, 35.200351 ] ] ], [ [ [ -75.795437173459902, 36.227111121671101 ], [ -75.772375, 36.217539 ], [ -75.745873, 36.144062 ], [ -75.751934, 36.122371 ], [ -75.739721, 36.07527 ], [ -75.737089, 36.040784 ], [ -75.715213, 36.048324 ], [ -75.710578, 36.025645 ], [ -75.727572, 36.00344 ], [ -75.682294, 35.995845 ], [ -75.667071, 35.971381 ], [ -75.644539, 35.964417 ], [ -75.615399, 35.926433 ], [ -75.612214, 35.905259 ], [ -75.62291, 35.892321 ], [ -75.602184, 35.874412 ], [ -75.588879, 35.844926 ], [ -75.557453, 35.796026 ], [ -75.545456, 35.805051 ], [ -75.569795, 35.863301 ], [ -75.658538, 36.02043 ], [ -75.718311, 36.113674 ], [ -75.773330406389107, 36.231528320609399 ], [ -75.795437173459902, 36.227111121671101 ] ] ], [ [ [ -75.888906874174907, 35.640466900695699 ], [ -75.868799, 35.629924 ], [ -75.871845, 35.610627 ], [ -75.852809, 35.584678 ], [ -75.830486, 35.592943 ], [ -75.812, 35.5833 ], [ -75.752168, 35.607987 ], [ -75.734912, 35.630173 ], [ -75.78042, 35.684106 ], [ -75.767324, 35.705618 ], [ -75.738089, 35.694616 ], [ -75.72573, 35.714495 ], [ -75.726205, 35.739193 ], [ -75.738565, 35.749417 ], [ -75.734762, 35.837329 ], [ -75.751875, 35.851008 ], [ -75.749498, 35.884137 ], [ -75.761206, 35.888916 ], [ -75.782298, 35.919562 ], [ -75.782499, 35.93342 ], [ -75.80559, 35.94612 ], [ -75.809351, 35.959308 ], [ -75.870947, 35.978555 ], [ -75.910385, 35.973588 ], [ -75.947294, 35.959835 ], [ -75.921578, 35.935921 ], [ -75.947821, 35.920347 ], [ -75.962563, 35.901393 ], [ -75.986053, 35.888993 ], [ -75.988128, 35.861796 ], [ -75.976007, 35.838485 ], [ -75.994118, 35.812532 ], [ -75.982899, 35.772561 ], [ -76.001201, 35.725301 ], [ -75.999775, 35.694037 ], [ -76.012999281831995, 35.668866 ], [ -75.901342, 35.668952 ], [ -75.888906874174907, 35.640466900695699 ] ] ] ] } },
{ "type": "Feature", "properties": { "geoid": "37015", "county": "Bertie" }, "geometry": { "type": "Polygon", "coordinates": [ [ [ -77.291519, 36.168342 ], [ -77.251527, 36.135534 ], [ -77.249485, 36.113764 ], [ -77.26673, 36.100111 ], [ -77.313225, 36.089167 ], [ -77.327569, 36.071361 ], [ -77.318651, 36.055428 ], [ -77.230515, 36.015577 ], [ -77.217223, 36.01519 ], [ -77.196664, 35.992917 ], [ -77.190268, 35.973678 ], [ -77.202282, 35.947418 ], [ -77.185816, 35.930874 ], [ -77.162831, 35.937666 ], [ -77.124916, 35.926685 ], [ -77.055842, 35.944404 ], [ -77.02811, 35.92579 ], [ -77.025254, 35.902776 ], [ -77.043243, 35.861038 ], [ -77.00525, 35.858433 ], [ -76.987969, 35.875839 ], [ -76.96188, 35.88238 ], [ -76.93904, 35.90151 ], [ -76.916343, 35.893383 ], [ -76.89514, 35.865763 ], [ -76.903494, 35.837436 ], [ -76.895486, 35.813155 ], [ -76.875222, 35.813721 ], [ -76.83166, 35.855949 ], [ -76.829398, 35.886076 ], [ -76.802961, 35.881668 ], [ -76.780985, 35.863871 ], [ -76.760598, 35.864887 ], [ -76.731067, 35.888425 ], [ -76.719989, 35.917259 ], [ -76.701374, 35.92302 ], [ -76.693049337625297, 35.942447772357298 ], [ -76.719153, 35.965087 ], [ -76.681915, 35.989595 ], [ -76.703782, 36.010554 ], [ -76.705607, 36.04259 ], [ -76.718043, 36.048036 ], [ -76.730877, 36.074743 ], [ -76.734205, 36.103938 ], [ -76.75417, 36.147517 ], [ -76.749892, 36.211402 ], [ -76.722225824478102, 36.243806438797598 ], [ -76.903383, 36.242986 ], [ -76.971399, 36.23813 ], [ -77.183144, 36.242825 ], [ -77.208468, 36.246578 ], [ -77.228799, 36.217387 ], [ -77.264064, 36.217183 ], [ -77.29825, 36.207708 ], [ -77.291519, 36.168342 ] ] ] } },
{ "type": "Feature", "properties": { "geoid": "37057", "county": "Davidson" }, "geometry": { "type": "Polygon", "coordinates": [ [ [ -80.394307, 35.972762 ], [ -80.378001, 35.962207 ], [ -80.365225, 35.893395 ], [ -80.410661, 35.890103 ], [ -80.389674, 35.867593 ], [ -80.394515, 35.841407 ], [ -80.420733, 35.852662 ], [ -80.472337, 35.825543 ], [ -80.464449, 35.804983 ], [ -80.476702, 35.789093 ], [ -80.450625, 35.766049 ], [ -80.458923, 35.742758 ], [ -80.414077, 35.722588 ], [ -80.368733, 35.716106 ], [ -80.340098, 35.721343 ], [ -80.325887, 35.711941 ], [ -80.330602, 35.678799 ], [ -80.307258, 35.665678 ], [ -80.288293, 35.635337 ], [ -80.264975, 35.629598 ], [ -80.233557, 35.598409 ], [ -80.20886, 35.581334 ], [ -80.210397, 35.555466 ], [ -80.183911, 35.516241 ], [ -80.183264, 35.504141 ], [ -80.182559, 35.504151 ], [ -80.066842, 35.505661 ], [ -80.056352, 35.750132 ], [ -80.046869, 35.920693 ], [ -80.043238, 36.010758 ], [ -80.149788, 36.026768 ], [ -80.213692, 36.026808 ], [ -80.213841, 35.997114 ], [ -80.330298, 35.996556 ], [ -80.394307, 35.972762 ] ] ] } },
{ "type": "Feature", "properties": { "geoid": "37141", "county": "Pender" }, "geometry": { "type": "Polygon", "coordinates": [ [ [ -78.254441, 34.553595 ], [ -78.272227, 34.538381 ], [ -78.255306, 34.508112 ], [ -78.235621, 34.492529 ], [ -78.208927, 34.487759 ], [ -78.204166, 34.476614 ], [ -78.176501, 34.465356 ], [ -78.256085, 34.399469 ], [ -78.236189, 34.376161 ], [ -78.211554, 34.369355 ], [ -78.192888, 34.352675 ], [ -78.16235, 34.357007 ], [ -78.120727, 34.368002 ], [ -78.075647, 34.337921 ], [ -78.029922, 34.331768 ], [ -77.993202, 34.336828 ], [ -77.979766, 34.360601 ], [ -77.918493, 34.37484 ], [ -77.8799, 34.366282 ], [ -77.856454, 34.380297 ], [ -77.822995, 34.389359 ], [ -77.804709, 34.376292 ], [ -77.811091, 34.358024 ], [ -77.739198, 34.292752 ], [ -77.710646892026901, 34.297685345889398 ], [ -77.689056, 34.320327 ], [ -77.648781, 34.348437 ], [ -77.582702, 34.400677 ], [ -77.518381411310301, 34.440874155704897 ], [ -77.552508, 34.471238 ], [ -77.574924, 34.478681 ], [ -77.613857, 34.576006 ], [ -77.680127, 34.720595 ], [ -77.921538, 34.719746 ], [ -77.938901, 34.723184 ], [ -77.980738, 34.713979 ], [ -78.00788, 34.726215 ], [ -78.066197, 34.727867 ], [ -78.114007, 34.721795 ], [ -78.113472, 34.707219 ], [ -78.156481, 34.679095 ], [ -78.254441, 34.553595 ] ] ] } },
{ "type": "Feature", "properties": { "geoid": "37167", "county": "Stanly" }, "geometry": { "type": "Polygon", "coordinates": [ [ [ -80.295421, 35.50292 ], [ -80.504985, 35.184998 ], [ -80.47038, 35.167251 ], [ -80.439865, 35.161042 ], [ -80.388328, 35.165862 ], [ -80.368574, 35.179077 ], [ -80.357627, 35.164882 ], [ -80.276829, 35.195722 ], [ -80.25167, 35.204546 ], [ -80.225002, 35.156241 ], [ -80.190638, 35.155538 ], [ -80.174741, 35.148229 ], [ -80.153889, 35.174947 ], [ -80.136233, 35.167486 ], [ -80.108271, 35.175773 ], [ -80.075365, 35.143081 ], [ -80.056861, 35.164035 ], [ -80.054063, 35.180768 ], [ -80.069799, 35.218315 ], [ -80.090801, 35.235989 ], [ -80.098185, 35.255173 ], [ -80.081938, 35.321457 ], [ -80.051739, 35.372585 ], [ -80.062271, 35.386134 ], [ -80.093711, 35.40203 ], [ -80.090119, 35.415552 ], [ -80.107025, 35.442958 ], [ -80.108495, 35.459451 ], [ -80.139921, 35.475055 ], [ -80.161736, 35.475208 ], [ -80.182559, 35.504151 ], [ -80.183264, 35.504141 ], [ -80.295421, 35.50292 ] ] ] } },
{ "type": "Feature", "properties": { "geoid": "37123", "county": "Montgomery" }, "geometry": { "type": "Polygon", "coordinates": [ [ [ -80.182559, 35.504151 ], [ -80.161736, 35.475208 ], [ -80.139921, 35.475055 ], [ -80.108495, 35.459451 ], [ -80.107025, 35.442958 ], [ -80.090119, 35.415552 ], [ -80.093711, 35.40203 ], [ -80.062271, 35.386134 ], [ -80.051739, 35.372585 ], [ -80.081938, 35.321457 ], [ -80.098185, 35.255173 ], [ -80.090801, 35.235989 ], [ -80.069799, 35.218315 ], [ -80.054063, 35.180768 ], [ -80.056861, 35.164035 ], [ -80.075365, 35.143081 ], [ -80.022753, 35.137191 ], [ -79.983399, 35.15851 ], [ -79.944271, 35.164169 ], [ -79.89861, 35.161714 ], [ -79.851268, 35.183855 ], [ -79.749463, 35.172999 ], [ -79.673494, 35.175374 ], [ -79.642129, 35.157717 ], [ -79.614304, 35.163679 ], [ -79.658765, 35.193968 ], [ -79.672509, 35.244994 ], [ -79.698007, 35.251521 ], [ -79.711978, 35.275882 ], [ -79.709913, 35.301275 ], [ -79.75173, 35.443994 ], [ -79.764192, 35.475735 ], [ -79.767957, 35.511484 ], [ -79.901363, 35.509866 ], [ -80.066842, 35.505661 ], [ -80.182559, 35.504151 ] ] ] } },
{ "type": "Feature", "properties": { "geoid": "37017", "county": "Bladen" }, "geometry": { "type": "Polygon", "coordinates": [ [ [ -78.901998, 34.835268 ], [ -78.863606, 34.770028 ], [ -78.854381, 34.735743 ], [ -78.821869, 34.709725 ], [ -78.805834, 34.68956 ], [ -78.809431, 34.668276 ], [ -78.834434, 34.621583 ], [ -78.83149, 34.608828 ], [ -78.860796, 34.552214 ], [ -78.846413, 34.504131 ], [ -78.868961, 34.484778 ], [ -78.825218, 34.461762 ], [ -78.667588, 34.469645 ], [ -78.60377, 34.441134 ], [ -78.59283, 34.431003 ], [ -78.552713, 34.420778 ], [ -78.44532, 34.3774 ], [ -78.396915, 34.370747 ], [ -78.365702, 34.372803 ], [ -78.335084, 34.367622 ], [ -78.256085, 34.399469 ], [ -78.176501, 34.465356 ], [ -78.204166, 34.476614 ], [ -78.208927, 34.487759 ], [ -78.235621, 34.492529 ], [ -78.255306, 34.508112 ], [ -78.272227, 34.538381 ], [ -78.254441, 34.553595 ], [ -78.267607, 34.583981 ], [ -78.302718, 34.602471 ], [ -78.321261, 34.631214 ], [ -78.312737, 34.643605 ], [ -78.323747, 34.666778 ], [ -78.345926, 34.688519 ], [ -78.366729, 34.693126 ], [ -78.395331, 34.751082 ], [ -78.43694, 34.784169 ], [ -78.449756, 34.813507 ], [ -78.49358, 34.843138 ], [ -78.494705, 34.856182 ], [ -78.516123, 34.845919 ], [ -78.533633, 34.851129 ], [ -78.827397, 34.850693 ], [ -78.901998, 34.835268 ] ] ] } },
{ "type": "Feature", "properties": { "geoid": "37111", "county": "McDowell" }, "geometry": { "type": "Polygon", "coordinates": [ [ [ -82.275399, 35.704438 ], [ -82.294907, 35.683856 ], [ -82.280547, 35.66724 ], [ -82.286707, 35.653068 ], [ -82.264524, 35.617482 ], [ -82.291026, 35.591322 ], [ -82.251251, 35.559943 ], [ -82.219981, 35.553141 ], [ -82.169049, 35.527811 ], [ -82.150538, 35.518002 ], [ -82.082621, 35.533401 ], [ -82.039843, 35.532704 ], [ -82.002733, 35.551811 ], [ -81.967619, 35.526007 ], [ -81.904954, 35.541917 ], [ -81.842674, 35.542262 ], [ -81.824122, 35.574983 ], [ -81.869388, 35.719624 ], [ -81.986939, 35.806923 ], [ -81.957877, 35.819315 ], [ -81.924985, 35.84307 ], [ -81.906652, 35.883376 ], [ -81.910319, 35.905524 ], [ -81.943188, 35.96005 ], [ -81.962987, 35.941783 ], [ -81.954602, 35.926649 ], [ -81.981954, 35.911361 ], [ -81.980168, 35.885046 ], [ -81.997269, 35.874035 ], [ -82.022591, 35.884912 ], [ -82.048039, 35.853229 ], [ -82.100825, 35.842723 ], [ -82.133484, 35.823309 ], [ -82.167895, 35.789138 ], [ -82.158274, 35.779629 ], [ -82.193839, 35.73511 ], [ -82.242765, 35.712448 ], [ -82.257202, 35.699336 ], [ -82.275399, 35.704438 ] ] ] } },
{ "type": "Feature", "properties": { "geoid": "37047", "county": "Columbus" }, "geometry": { "type": "Polygon", "coordinates": [ [ [ -79.071243852382196, 34.299302913056998 ], [ -78.874747, 34.134395 ], [ -78.6503641799208, 33.944338496904003 ], [ -78.648351, 33.96554 ], [ -78.626528, 33.980026 ], [ -78.640615, 34.01028 ], [ -78.617019, 34.023355 ], [ -78.5908, 34.027155 ], [ -78.575967, 34.054498 ], [ -78.555043, 34.067071 ], [ -78.54805, 34.095293 ], [ -78.545218, 34.145747 ], [ -78.515216, 34.165948 ], [ -78.495951, 34.167628 ], [ -78.427502, 34.139817 ], [ -78.387109, 34.177655 ], [ -78.369134, 34.188178 ], [ -78.374295, 34.204893 ], [ -78.254622, 34.216305 ], [ -78.16235, 34.357007 ], [ -78.192888, 34.352675 ], [ -78.211554, 34.369355 ], [ -78.236189, 34.376161 ], [ -78.256085, 34.399469 ], [ -78.335084, 34.367622 ], [ -78.365702, 34.372803 ], [ -78.396915, 34.370747 ], [ -78.44532, 34.3774 ], [ -78.552713, 34.420778 ], [ -78.59283, 34.431003 ], [ -78.60377, 34.441134 ], [ -78.667588, 34.469645 ], [ -78.825218, 34.461762 ], [ -78.868961, 34.484778 ], [ -78.895838, 34.462116 ], [ -78.951808, 34.448756 ], [ -78.971075, 34.427739 ], [ -78.968172, 34.397304 ], [ -78.994992, 34.392574 ], [ -79.010004, 34.380334 ], [ -79.001637, 34.363498 ], [ -79.025054, 34.35183 ], [ -79.038226, 34.313442 ], [ -79.071243852382196, 34.299302913056998 ] ] ] } },
{ "type": "Feature", "properties": { "geoid": "37075", "county": "Graham" }, "geometry": { "type": "Polygon", "coordinates": [ [ [ -83.952882, 35.460635 ], [ -83.992568, 35.438065 ], [ -84.014707, 35.411983 ], [ -84.007586, 35.371661 ], [ -84.038327, 35.347813 ], [ -84.029084969782403, 35.292188335624203 ], [ -84.009757, 35.273241 ], [ -84.006416, 35.241688 ], [ -83.959036, 35.216912 ], [ -83.831429, 35.256117 ], [ -83.795159, 35.257463 ], [ -83.773292, 35.245785 ], [ -83.702652, 35.248462 ], [ -83.680264, 35.279387 ], [ -83.695343, 35.297536 ], [ -83.68474, 35.324074 ], [ -83.620475, 35.345491 ], [ -83.593337, 35.376705 ], [ -83.582386, 35.40963 ], [ -83.585756, 35.434832 ], [ -83.610109, 35.426976 ], [ -83.642949, 35.443464 ], [ -83.669861, 35.435643 ], [ -83.732819, 35.447406 ], [ -83.806711, 35.444824 ], [ -83.873794, 35.460413 ], [ -83.914077, 35.465054 ], [ -83.928773, 35.449936 ], [ -83.952882, 35.460635 ] ] ] } },
{ "type": "Feature", "properties": { "geoid": "37079", "county": "Greene" }, "geometry": { "type": "Polygon", "coordinates": [ [ [ -77.822511, 35.585383 ], [ -77.826744, 35.42409 ], [ -77.805536, 35.407504 ], [ -77.799861, 35.382282 ], [ -77.806248, 35.368754 ], [ -77.777669, 35.367664 ], [ -77.697516, 35.377097 ], [ -77.679281, 35.347515 ], [ -77.637314, 35.354455 ], [ -77.606957, 35.379497 ], [ -77.589323, 35.373763 ], [ -77.534173, 35.398104 ], [ -77.509899, 35.421517 ], [ -77.49262, 35.411707 ], [ -77.475515, 35.426655 ], [ -77.504125, 35.493541 ], [ -77.505282, 35.51825 ], [ -77.525166, 35.528337 ], [ -77.560323, 35.533491 ], [ -77.593045, 35.564143 ], [ -77.610181, 35.567511 ], [ -77.662438, 35.619252 ], [ -77.700692, 35.652295 ], [ -77.80623, 35.583474 ], [ -77.822511, 35.585383 ] ] ] } },
{ "type": "Feature", "properties": { "geoid": "37155", "county": "Robeson" }, "geometry": { "type": "Polygon", "coordinates": [ [ [ -79.347868, 34.838553 ], [ -79.357624, 34.820306 ], [ -79.331693, 34.773008 ], [ -79.461562888371205, 34.630298007685496 ], [ -79.358317, 34.545358 ], [ -79.249763, 34.449774 ], [ -79.071243852382196, 34.299302913056998 ], [ -79.038226, 34.313442 ], [ -79.025054, 34.35183 ], [ -79.001637, 34.363498 ], [ -79.010004, 34.380334 ], [ -78.994992, 34.392574 ], [ -78.968172, 34.397304 ], [ -78.971075, 34.427739 ], [ -78.951808, 34.448756 ], [ -78.895838, 34.462116 ], [ -78.868961, 34.484778 ], [ -78.846413, 34.504131 ], [ -78.860796, 34.552214 ], [ -78.83149, 34.608828 ], [ -78.834434, 34.621583 ], [ -78.809431, 34.668276 ], [ -78.805834, 34.68956 ], [ -78.821869, 34.709725 ], [ -78.854381, 34.735743 ], [ -78.863606, 34.770028 ], [ -78.901998, 34.835268 ], [ -78.927018, 34.863957 ], [ -78.92661, 34.886698 ], [ -78.95486, 34.913266 ], [ -79.038747, 34.952715 ], [ -79.191391, 34.833717 ], [ -79.347868, 34.838553 ] ] ] } },
{ "type": "Feature", "properties": { "geoid": "37175", "county": "Transylvania" }, "geometry": { "type": "Polygon", "coordinates": [ [ [ -82.920881, 35.292037 ], [ -82.919178, 35.270945 ], [ -82.935343, 35.225295 ], [ -82.959629, 35.215515 ], [ -82.968805, 35.194592 ], [ -82.986919, 35.187638 ], [ -82.996621, 35.163361 ], [ -82.980903, 35.148351 ], [ -82.983873, 35.131295 ], [ -83.044942, 35.077127 ], [ -83.055094, 35.053982 ], [ -83.008700274354396, 35.0276262282459 ], [ -82.783283, 35.0856 ], [ -82.777376, 35.064143 ], [ -82.757704, 35.068019 ], [ -82.686484, 35.108164 ], [ -82.609706, 35.139039 ], [ -82.574167648456793, 35.1436658020327 ], [ -82.590851, 35.162412 ], [ -82.603968, 35.221791 ], [ -82.610186, 35.288199 ], [ -82.647379, 35.328934 ], [ -82.745139, 35.422967 ], [ -82.74562, 35.407345 ], [ -82.78777, 35.380994 ], [ -82.804841, 35.348276 ], [ -82.831628, 35.31859 ], [ -82.876429, 35.314581 ], [ -82.920881, 35.292037 ] ] ] } },
{ "type": "Feature", "properties": { "geoid": "37147", "county": "Pitt" }, "geometry": { "type": "Polygon", "coordinates": [ [ [ -77.700692, 35.652295 ], [ -77.662438, 35.619252 ], [ -77.610181, 35.567511 ], [ -77.593045, 35.564143 ], [ -77.560323, 35.533491 ], [ -77.525166, 35.528337 ], [ -77.505282, 35.51825 ], [ -77.504125, 35.493541 ], [ -77.475515, 35.426655 ], [ -77.470722, 35.409765 ], [ -77.433057, 35.368051 ], [ -77.391026, 35.339533 ], [ -77.35038, 35.328431 ], [ -77.29434, 35.379137 ], [ -77.269292, 35.369153 ], [ -77.260302, 35.35167 ], [ -77.239072, 35.360906 ], [ -77.239649, 35.381361 ], [ -77.227127, 35.399845 ], [ -77.199716, 35.399995 ], [ -77.189115, 35.418362 ], [ -77.19123, 35.435026 ], [ -77.173841, 35.456596 ], [ -77.17621, 35.5191 ], [ -77.127396, 35.553763 ], [ -77.093515, 35.550858 ], [ -77.091283, 35.569297 ], [ -77.143819, 35.601347 ], [ -77.14239, 35.61788 ], [ -77.168248, 35.6312 ], [ -77.174673, 35.658718 ], [ -77.169849, 35.684339 ], [ -77.192982, 35.694158 ], [ -77.193949, 35.709235 ], [ -77.170256, 35.719045 ], [ -77.174, 35.732831 ], [ -77.215925, 35.76008 ], [ -77.259792, 35.765222 ], [ -77.2552, 35.786352 ], [ -77.350369, 35.819228 ], [ -77.390154, 35.833062 ], [ -77.409614, 35.826404 ], [ -77.424989, 35.80555 ], [ -77.472286, 35.801095 ], [ -77.516261, 35.761334 ], [ -77.545536, 35.746076 ], [ -77.665131, 35.674935 ], [ -77.700692, 35.652295 ] ] ] } },
{ "type": "Feature", "properties": { "geoid": "37161", "county": "Rutherford" }, "geometry": { "type": "Polygon", "coordinates": [ [ [ -82.265795, 35.467818 ], [ -82.280529, 35.443393 ], [ -82.270121, 35.400356 ], [ -82.261305, 35.393198 ], [ -82.239115, 35.402557 ], [ -82.204552, 35.40363 ], [ -82.18515, 35.396619 ], [ -82.171609, 35.409318 ], [ -82.151535, 35.407581 ], [ -82.122233, 35.392503 ], [ -82.079311, 35.345606 ], [ -82.053984, 35.335425 ], [ -82.029517, 35.301502 ], [ -82.000653, 35.282541 ], [ -81.995719, 35.270615 ], [ -81.968788, 35.257764 ], [ -81.962806, 35.22686 ], [ -81.969345823206893, 35.1872287391339 ], [ -81.768108596181193, 35.180388327917797 ], [ -81.759541, 35.222646 ], [ -81.702853, 35.357304 ], [ -81.69382, 35.51552 ], [ -81.691989, 35.580041 ], [ -81.705653, 35.581214 ], [ -81.721701, 35.606308 ], [ -81.753407, 35.613588 ], [ -81.77217, 35.592944 ], [ -81.824122, 35.574983 ], [ -81.842674, 35.542262 ], [ -81.904954, 35.541917 ], [ -81.967619, 35.526007 ], [ -82.002733, 35.551811 ], [ -82.039843, 35.532704 ], [ -82.082621, 35.533401 ], [ -82.150538, 35.518002 ], [ -82.169049, 35.527811 ], [ -82.220515, 35.520025 ], [ -82.224336, 35.498269 ], [ -82.2425, 35.467838 ], [ -82.265795, 35.467818 ] ] ] } },
{ "type": "Feature", "properties": { "geoid": "37083", "county": "Halifax" }, "geometry": { "type": "Polygon", "coordinates": [ [ [ -78.006551, 36.202633 ], [ -77.971393, 36.178023 ], [ -77.917958, 36.181536 ], [ -77.888329, 36.145345 ], [ -77.782119, 36.141507 ], [ -77.741905, 36.155112 ], [ -77.721149, 36.141923 ], [ -77.697956, 36.15315 ], [ -77.643976, 36.138135 ], [ -77.625911, 36.111617 ], [ -77.551973, 36.098867 ], [ -77.533161, 36.090659 ], [ -77.526614, 36.07127 ], [ -77.540136, 36.060828 ], [ -77.517646, 36.036775 ], [ -77.474851, 36.037775 ], [ -77.437797, 36.019095 ], [ -77.427935, 36.005281 ], [ -77.402614, 36.004966 ], [ -77.339279, 36.064707 ], [ -77.327569, 36.071361 ], [ -77.313225, 36.089167 ], [ -77.26673, 36.100111 ], [ -77.249485, 36.113764 ], [ -77.251527, 36.135534 ], [ -77.291519, 36.168342 ], [ -77.313061, 36.172209 ], [ -77.32837, 36.191907 ], [ -77.350971, 36.191532 ], [ -77.386595, 36.213548 ], [ -77.376284, 36.242963 ], [ -77.411062, 36.266675 ], [ -77.414418, 36.293472 ], [ -77.445886, 36.324888 ], [ -77.495096, 36.308381 ], [ -77.541108, 36.303264 ], [ -77.571386, 36.314086 ], [ -77.585599, 36.337344 ], [ -77.579921, 36.350076 ], [ -77.547012, 36.373914 ], [ -77.550498, 36.414004 ], [ -77.609632, 36.436746 ], [ -77.630234, 36.449765 ], [ -77.648863, 36.48149 ], [ -77.68114, 36.479177 ], [ -77.709667, 36.487076 ], [ -77.742615, 36.479875 ], [ -77.774026, 36.481696 ], [ -77.818951, 36.500677 ], [ -77.858293, 36.506648 ], [ -77.899524, 36.504259 ], [ -77.909245, 36.473937 ], [ -77.911963, 36.382446 ], [ -77.942406, 36.298526 ], [ -78.006551, 36.202633 ] ] ] } },
{ "type": "Feature", "properties": { "geoid": "37043", "county": "Clay" }, "geometry": { "type": "Polygon", "coordinates": [ [ [ -83.738129, 35.15595 ], [ -83.772941, 35.155858 ], [ -83.816561, 35.139223 ], [ -83.840733, 35.143841 ], [ -83.907671, 35.078219 ], [ -83.958583, 35.05277 ], [ -83.956443, 35.026409 ], [ -84.005259348445094, 34.987440451663097 ], [ -83.749893, 34.987691 ], [ -83.619985, 34.986592 ], [ -83.620185, 34.992091 ], [ -83.482952428347602, 34.993483388090397 ], [ -83.517005, 34.999183 ], [ -83.521173, 35.018044 ], [ -83.562232, 35.059424 ], [ -83.587521, 35.092332 ], [ -83.612623, 35.102752 ], [ -83.62006, 35.126277 ], [ -83.649146, 35.134697 ], [ -83.648455, 35.152896 ], [ -83.673449, 35.157057 ], [ -83.738129, 35.15595 ] ] ] } },
{ "type": "Feature", "properties": { "geoid": "37029", "county": "Camden" }, "geometry": { "type": "Polygon", "coordinates": [ [ [ -76.313302917841099, 36.5505512312821 ], [ -76.541536467652193, 36.5503132587206 ], [ -76.491336, 36.510677 ], [ -76.437286, 36.467846 ], [ -76.376805, 36.44594 ], [ -76.36756, 36.431387 ], [ -76.323099, 36.417316 ], [ -76.291542, 36.386629 ], [ -76.258891, 36.384274 ], [ -76.238244, 36.371588 ], [ -76.214178, 36.341599 ], [ -76.192207, 36.32814 ], [ -76.202061, 36.304709 ], [ -76.215812006426205, 36.300225466813899 ], [ -76.172831, 36.302388 ], [ -76.105679, 36.27244 ], [ -76.079581, 36.23824 ], [ -76.05396, 36.234825 ], [ -76.042319, 36.211019 ], [ -76.016985, 36.186367 ], [ -75.934642, 36.165904 ], [ -75.959952, 36.198875 ], [ -75.950968, 36.235463 ], [ -75.967077, 36.254995 ], [ -75.962505270859793, 36.266818079293301 ], [ -75.975849, 36.310345 ], [ -75.999651, 36.311174 ], [ -76.036413, 36.355174 ], [ -76.064227, 36.347308 ], [ -76.114361, 36.357583 ], [ -76.12181, 36.371088 ], [ -76.157472, 36.398178 ], [ -76.158532, 36.425333 ], [ -76.313302917841099, 36.5505512312821 ] ] ] } },
{ "type": "Feature", "properties": { "geoid": "37103", "county": "Jones" }, "geometry": { "type": "Polygon", "coordinates": [ [ [ -77.731026, 35.008138 ], [ -77.674805, 34.9739 ], [ -77.638967, 34.98446 ], [ -77.502792, 34.969637 ], [ -77.366768, 34.90865 ], [ -77.365167, 34.92355 ], [ -77.331554, 34.93915 ], [ -77.267647, 34.92579 ], [ -77.248333, 34.900101 ], [ -77.225299, 34.887329 ], [ -77.211357, 34.852838 ], [ -77.193296, 34.831945 ], [ -77.195813, 34.809354 ], [ -77.165986, 34.785032 ], [ -77.161502, 34.793435 ], [ -77.116163, 34.793965 ], [ -77.078263, 34.811322 ], [ -77.047249, 34.836416 ], [ -77.108851, 34.83078 ], [ -77.103101, 35.01707 ], [ -77.109618, 35.068537 ], [ -77.130521, 35.072304 ], [ -77.147468, 35.056345 ], [ -77.189422, 35.06667 ], [ -77.187679, 35.081086 ], [ -77.329244, 35.149829 ], [ -77.452337, 35.218993 ], [ -77.473692, 35.228985 ], [ -77.527182, 35.243001 ], [ -77.507463, 35.172814 ], [ -77.601282, 35.071368 ], [ -77.731026, 35.008138 ] ] ] } },
{ "type": "Feature", "properties": { "geoid": "37095", "county": "Hyde" }, "geometry": { "type": "MultiPolygon", "coordinates": [ [ [ [ -76.01528, 35.070655 ], [ -76.00197, 35.07299 ], [ -75.965129, 35.099635 ], [ -75.958236, 35.115384 ], [ -75.988422, 35.116356 ], [ -75.98557, 35.098079 ], [ -76.01528, 35.070655 ] ] ], [ [ [ -76.637513, 35.705215 ], [ -76.601982, 35.670055 ], [ -76.606194, 35.646939 ], [ -76.588191, 35.620654 ], [ -76.564183, 35.601305 ], [ -76.534313, 35.595594 ], [ -76.539011, 35.582937 ], [ -76.492147, 35.572908 ], [ -76.468928861468896, 35.557809321824998 ], [ -76.46943, 35.519347 ], [ -76.490821, 35.504449 ], [ -76.536218, 35.50948 ], [ -76.587081, 35.508899 ], [ -76.562125, 35.491291 ], [ -76.562838, 35.475034 ], [ -76.545725, 35.460903 ], [ -76.565452, 35.44948 ], [ -76.533075, 35.43231 ], [ -76.540293, 35.410657 ], [ -76.510311, 35.397379 ], [ -76.496288, 35.381684 ], [ -76.469629, 35.373726 ], [ -76.480838, 35.404548 ], [ -76.438056, 35.398542 ], [ -76.417616, 35.42508 ], [ -76.395511, 35.431665 ], [ -76.385291, 35.415008 ], [ -76.395987, 35.40106 ], [ -76.361523, 35.373739 ], [ -76.368178, 35.361141 ], [ -76.412862, 35.375677 ], [ -76.411911, 35.346408 ], [ -76.341558, 35.342337 ], [ -76.357483, 35.383622 ], [ -76.326109, 35.386335 ], [ -76.305668, 35.354938 ], [ -76.268115, 35.34001 ], [ -76.231512, 35.358815 ], [ -76.221054, 35.340398 ], [ -76.174232, 35.34699 ], [ -76.156168, 35.337684 ], [ -76.112503, 35.355012 ], [ -76.091281, 35.369475 ], [ -76.071222, 35.409846 ], [ -76.015699, 35.441735 ], [ -75.996447, 35.463613 ], [ -75.988841, 35.484905 ], [ -75.963054, 35.493903 ], [ -75.957468, 35.526117 ], [ -75.912784, 35.544685 ], [ -75.919677, 35.561508 ], [ -75.88237, 35.576117 ], [ -75.892807, 35.600829 ], [ -75.883853, 35.623615 ], [ -75.888906874174907, 35.640466900695699 ], [ -75.901342, 35.668952 ], [ -76.012999281831995, 35.668866 ], [ -76.032812, 35.646344 ], [ -76.045130030984694, 35.665578984181103 ], [ -76.061095, 35.675222 ], [ -76.092627, 35.669764 ], [ -76.120211, 35.680593 ], [ -76.141555, 35.70277 ], [ -76.175861, 35.690698 ], [ -76.177748, 35.655176 ], [ -76.192606, 35.646359 ], [ -76.195848, 35.620119 ], [ -76.213704, 35.598408 ], [ -76.297853, 35.609027 ], [ -76.269247, 35.690754 ], [ -76.405971, 35.697579 ], [ -76.545621, 35.705084 ], [ -76.637513, 35.705215 ] ] ] ] } },
{ "type": "Feature", "properties": { "geoid": "37159", "county": "Rowan" }, "geometry": { "type": "Polygon", "coordinates": [ [ [ -80.707824, 35.852961 ], [ -80.771582, 35.672163 ], [ -80.739797, 35.544145 ], [ -80.737249, 35.505801 ], [ -80.422349, 35.501964 ], [ -80.295421, 35.50292 ], [ -80.183264, 35.504141 ], [ -80.183911, 35.516241 ], [ -80.210397, 35.555466 ], [ -80.20886, 35.581334 ], [ -80.233557, 35.598409 ], [ -80.264975, 35.629598 ], [ -80.288293, 35.635337 ], [ -80.307258, 35.665678 ], [ -80.330602, 35.678799 ], [ -80.325887, 35.711941 ], [ -80.340098, 35.721343 ], [ -80.368733, 35.716106 ], [ -80.414077, 35.722588 ], [ -80.458923, 35.742758 ], [ -80.47182, 35.768356 ], [ -80.495758, 35.782288 ], [ -80.507469, 35.774779 ], [ -80.542972, 35.792254 ], [ -80.569543, 35.815548 ], [ -80.609906, 35.828976 ], [ -80.632024, 35.845714 ], [ -80.707824, 35.852961 ] ] ] } },
{ "type": "Feature", "properties": { "geoid": "37115", "county": "Madison" }, "geometry": { "type": "Polygon", "coordinates": [ [ [ -82.505454150453104, 35.9776714603071 ], [ -82.549682, 35.964275 ], [ -82.610889, 35.967409 ], [ -82.604239, 35.987319 ], [ -82.615062, 36.000306 ], [ -82.601763, 36.036006 ], [ -82.632265, 36.065705 ], [ -82.683565, 36.046104 ], [ -82.750065, 36.006004 ], [ -82.776001, 36.000103 ], [ -82.785267, 35.987927 ], [ -82.787465, 35.952163 ], [ -82.826045, 35.929721 ], [ -82.852554, 35.949089 ], [ -82.892659, 35.945182 ], [ -82.913337, 35.924113 ], [ -82.896324, 35.8803 ], [ -82.920609, 35.868472 ], [ -82.916551, 35.841369 ], [ -82.945515, 35.824662 ], [ -82.962897902712797, 35.791734792758703 ], [ -82.952368, 35.776219 ], [ -82.952736, 35.742389 ], [ -82.91765, 35.744808 ], [ -82.899032, 35.685905 ], [ -82.883909, 35.678235 ], [ -82.844543, 35.700713 ], [ -82.807056, 35.685874 ], [ -82.794731, 35.695866 ], [ -82.754039, 35.703521 ], [ -82.744659, 35.714761 ], [ -82.713764, 35.717824 ], [ -82.707144, 35.732203 ], [ -82.669774, 35.725771 ], [ -82.667701, 35.73778 ], [ -82.516251, 35.802606 ], [ -82.475798, 35.798328 ], [ -82.461272, 35.809827 ], [ -82.434535, 35.809151 ], [ -82.408602, 35.818178 ], [ -82.417506, 35.859238 ], [ -82.448661, 35.896852 ], [ -82.494934, 35.910275 ], [ -82.488536, 35.942276 ], [ -82.505454150453104, 35.9776714603071 ] ] ] } },
{ "type": "Feature", "properties": { "geoid": "37049", "county": "Craven" }, "geometry": { "type": "Polygon", "coordinates": [ [ [ -77.391026, 35.339533 ], [ -77.431253, 35.32983 ], [ -77.440624, 35.303476 ], [ -77.432566, 35.250177 ], [ -77.473692, 35.228985 ], [ -77.452337, 35.218993 ], [ -77.329244, 35.149829 ], [ -77.187679, 35.081086 ], [ -77.189422, 35.06667 ], [ -77.147468, 35.056345 ], [ -77.130521, 35.072304 ], [ -77.109618, 35.068537 ], [ -77.103101, 35.01707 ], [ -77.108851, 34.83078 ], [ -77.047249, 34.836416 ], [ -77.078263, 34.811322 ], [ -76.954438, 34.809066 ], [ -76.954773, 34.824508 ], [ -76.882306, 34.836685 ], [ -76.883052, 34.844896 ], [ -76.758008, 34.846285 ], [ -76.693018, 34.86918 ], [ -76.682974, 34.899269 ], [ -76.660633, 34.915578 ], [ -76.652571, 34.937595 ], [ -76.677237378215395, 34.957711778881503 ], [ -76.707585, 34.954236 ], [ -76.726599, 34.927934 ], [ -76.760825, 34.915851 ], [ -76.811213, 34.939235 ], [ -76.847816, 34.936313 ], [ -76.868256, 34.947613 ], [ -76.935757, 34.97313 ], [ -76.979966, 35.009153 ], [ -76.989263, 35.043792 ], [ -77.014667, 35.068118 ], [ -77.037722, 35.099237 ], [ -77.030354, 35.133066 ], [ -76.997792, 35.076677 ], [ -76.972598, 35.056445 ], [ -76.9487988184339, 35.051454559376801 ], [ -76.936149, 35.06191 ], [ -76.936527, 35.111726 ], [ -76.975854, 35.133678 ], [ -76.959481, 35.202843 ], [ -76.93259, 35.230286 ], [ -76.906165, 35.235921 ], [ -76.895919, 35.253889 ], [ -76.958809, 35.300957 ], [ -77.189115, 35.418362 ], [ -77.199716, 35.399995 ], [ -77.227127, 35.399845 ], [ -77.239649, 35.381361 ], [ -77.239072, 35.360906 ], [ -77.260302, 35.35167 ], [ -77.269292, 35.369153 ], [ -77.29434, 35.379137 ], [ -77.35038, 35.328431 ], [ -77.391026, 35.339533 ] ] ] } },
{ "type": "Feature", "properties": { "geoid": "37179", "county": "Union" }, "geometry": { "type": "Polygon", "coordinates": [ [ [ -80.550349, 35.208412 ], [ -80.698585, 35.089569 ], [ -80.767555, 35.036286 ], [ -80.804506, 35.027749 ], [ -80.8403664538681, 35.001616114094602 ], [ -80.782042, 34.935782 ], [ -80.797543, 34.819786 ], [ -80.499788, 34.817261 ], [ -80.320807360455802, 34.814081463211998 ], [ -80.276829, 35.195722 ], [ -80.357627, 35.164882 ], [ -80.368574, 35.179077 ], [ -80.388328, 35.165862 ], [ -80.439865, 35.161042 ], [ -80.47038, 35.167251 ], [ -80.504985, 35.184998 ], [ -80.550349, 35.208412 ] ] ] } },
{ "type": "Feature", "properties": { "geoid": "37187", "county": "Washington" }, "geometry": { "type": "Polygon", "coordinates": [ [ [ -76.847264, 35.719982 ], [ -76.84462, 35.705719 ], [ -76.637513, 35.705215 ], [ -76.545621, 35.705084 ], [ -76.405971, 35.697579 ], [ -76.405603, 35.786294 ], [ -76.353554, 35.861301 ], [ -76.369646, 35.883233 ], [ -76.380009, 35.914666 ], [ -76.366220934087096, 35.934757849810097 ], [ -76.384103, 35.971515 ], [ -76.399552, 35.982094 ], [ -76.490108, 35.959781 ], [ -76.507492, 35.949831 ], [ -76.553806, 35.940155 ], [ -76.603841, 35.939827 ], [ -76.662426, 35.932072 ], [ -76.693049337625297, 35.942447772357298 ], [ -76.701374, 35.92302 ], [ -76.719989, 35.917259 ], [ -76.731067, 35.888425 ], [ -76.760598, 35.864887 ], [ -76.778699, 35.856608 ], [ -76.781901, 35.826676 ], [ -76.802573, 35.805238 ], [ -76.792961, 35.789905 ], [ -76.818569, 35.74705 ], [ -76.847264, 35.719982 ] ] ] } },
{ "type": "Feature", "properties": { "geoid": "37171", "county": "Surry" }, "geometry": { "type": "Polygon", "coordinates": [ [ [ -80.901664788923597, 36.561748485078198 ], [ -80.927048, 36.5011 ], [ -80.973643, 36.453474 ], [ -80.947182, 36.419074 ], [ -80.967153, 36.40202 ], [ -80.931386, 36.366939 ], [ -80.905784, 36.361099 ], [ -80.893075, 36.340945 ], [ -80.868746, 36.326447 ], [ -80.873205, 36.236305 ], [ -80.808357, 36.254341 ], [ -80.752346, 36.263308 ], [ -80.684583, 36.268751 ], [ -80.669783, 36.251035 ], [ -80.65329, 36.252635 ], [ -80.642986, 36.272649 ], [ -80.616181, 36.280361 ], [ -80.592795, 36.26986 ], [ -80.548004, 36.285419 ], [ -80.531801, 36.258016 ], [ -80.466728, 36.25982 ], [ -80.452656, 36.241651 ], [ -80.451925, 36.261515 ], [ -80.448305, 36.405852 ], [ -80.440341154191302, 36.550640156032301 ], [ -80.704831, 36.562319 ], [ -80.837641, 36.559118 ], [ -80.901664788923597, 36.561748485078198 ] ] ] } },
{ "type": "Feature", "properties": { "geoid": "37033", "county": "Caswell" }, "geometry": { "type": "Polygon", "coordinates": [ [ [ -79.513647055786294, 36.540757862067402 ], [ -79.531865, 36.249673 ], [ -79.257952, 36.243445 ], [ -79.153997, 36.241875 ], [ -79.138331187163899, 36.541738061605002 ], [ -79.513647055786294, 36.540757862067402 ] ] ] } },
{ "type": "Feature", "properties": { "geoid": "37005", "county": "Alleghany" }, "geometry": { "type": "Polygon", "coordinates": [ [ [ -81.353259206395506, 36.574723412583801 ], [ -81.35315, 36.546077 ], [ -81.328339, 36.517333 ], [ -81.322575, 36.495826 ], [ -81.272081, 36.446848 ], [ -81.26625, 36.415641 ], [ -81.245549, 36.391218 ], [ -81.253552, 36.366622 ], [ -81.243523, 36.366057 ], [ -81.189256, 36.399351 ], [ -81.162956, 36.432515 ], [ -81.147653, 36.419181 ], [ -81.0948, 36.440408 ], [ -81.077794, 36.417806 ], [ -81.044272, 36.411063 ], [ -81.043789, 36.393323 ], [ -81.026688, 36.373195 ], [ -80.994653, 36.379399 ], [ -80.967153, 36.40202 ], [ -80.947182, 36.419074 ], [ -80.973643, 36.453474 ], [ -80.927048, 36.5011 ], [ -80.901664788923597, 36.561748485078198 ], [ -81.003802, 36.563629 ], [ -81.058844, 36.566976 ], [ -81.307511, 36.575024 ], [ -81.353259206395506, 36.574723412583801 ] ] ] } },
{ "type": "Feature", "properties": { "geoid": "37073", "county": "Gates" }, "geometry": { "type": "Polygon", "coordinates": [ [ [ -76.916060288834998, 36.543836587709301 ], [ -76.905063, 36.522567 ], [ -76.925261, 36.488262 ], [ -76.94708, 36.47235 ], [ -76.94706, 36.415404 ], [ -76.930017, 36.399928 ], [ -76.821442, 36.364127 ], [ -76.782766, 36.362951 ], [ -76.758492, 36.350226 ], [ -76.735329, 36.324061 ], [ -76.696571, 36.296138 ], [ -76.642073, 36.320457 ], [ -76.570756, 36.334295 ], [ -76.559646, 36.351056 ], [ -76.453711, 36.378092 ], [ -76.491405, 36.468648 ], [ -76.491336, 36.510677 ], [ -76.541536467652193, 36.5503132587206 ], [ -76.807078, 36.550606 ], [ -76.915897, 36.552093 ], [ -76.916060288834998, 36.543836587709301 ] ] ] } },
{ "type": "Feature", "properties": { "geoid": "37025", "county": "Cabarrus" }, "geometry": { "type": "Polygon", "coordinates": [ [ [ -80.784167, 35.506017 ], [ -80.786787, 35.492983 ], [ -80.752167, 35.41405 ], [ -80.766414, 35.401478 ], [ -80.74441, 35.380667 ], [ -80.693061, 35.346379 ], [ -80.666095, 35.267747 ], [ -80.550349, 35.208412 ], [ -80.504985, 35.184998 ], [ -80.295421, 35.50292 ], [ -80.422349, 35.501964 ], [ -80.737249, 35.505801 ], [ -80.784167, 35.506017 ] ] ] } },
{ "type": "Feature", "properties": { "geoid": "37059", "county": "Davie" }, "geometry": { "type": "Polygon", "coordinates": [ [ [ -80.693197, 36.05126 ], [ -80.707824, 35.852961 ], [ -80.632024, 35.845714 ], [ -80.609906, 35.828976 ], [ -80.569543, 35.815548 ], [ -80.542972, 35.792254 ], [ -80.507469, 35.774779 ], [ -80.495758, 35.782288 ], [ -80.47182, 35.768356 ], [ -80.458923, 35.742758 ], [ -80.450625, 35.766049 ], [ -80.476702, 35.789093 ], [ -80.464449, 35.804983 ], [ -80.472337, 35.825543 ], [ -80.420733, 35.852662 ], [ -80.394515, 35.841407 ], [ -80.389674, 35.867593 ], [ -80.410661, 35.890103 ], [ -80.365225, 35.893395 ], [ -80.378001, 35.962207 ], [ -80.394307, 35.972762 ], [ -80.419556, 35.985715 ], [ -80.418483, 36.016425 ], [ -80.441892, 36.030643 ], [ -80.463795, 36.062578 ], [ -80.496283, 36.046545 ], [ -80.598372, 36.047743 ], [ -80.693197, 36.05126 ] ] ] } },
{ "type": "Feature", "properties": { "geoid": "37105", "county": "Lee" }, "geometry": { "type": "Polygon", "coordinates": [ [ [ -79.350073, 35.518002 ], [ -79.33592, 35.497754 ], [ -79.355183, 35.464634 ], [ -79.326686, 35.434896 ], [ -79.310247, 35.408517 ], [ -79.293599, 35.399581 ], [ -79.277041, 35.376606 ], [ -79.273565, 35.353369 ], [ -79.221976, 35.324337 ], [ -79.183556, 35.307161 ], [ -78.96964, 35.521669 ], [ -78.995638, 35.542119 ], [ -79.0166, 35.544268 ], [ -79.045615, 35.568383 ], [ -79.052552, 35.596129 ], [ -79.100144, 35.623613 ], [ -79.139145, 35.62399 ], [ -79.187954, 35.579437 ], [ -79.19928, 35.559208 ], [ -79.245199, 35.552961 ], [ -79.275541, 35.531779 ], [ -79.30338, 35.552072 ], [ -79.312086, 35.53046 ], [ -79.350073, 35.518002 ] ] ] } },
{ "type": "Feature", "properties": { "geoid": "37189", "county": "Watauga" }, "geometry": { "type": "Polygon", "coordinates": [ [ [ -81.918111258658101, 36.287113206280203 ], [ -81.900499, 36.281094 ], [ -81.893678, 36.263767 ], [ -81.911197, 36.229276 ], [ -81.909008, 36.216392 ], [ -81.885383, 36.189451 ], [ -81.856781, 36.19368 ], [ -81.829377, 36.169011 ], [ -81.810516, 36.111511 ], [ -81.674833, 36.122619 ], [ -81.660632, 36.118399 ], [ -81.545488, 36.117475 ], [ -81.500366, 36.142527 ], [ -81.455792, 36.200441 ], [ -81.477516, 36.24025 ], [ -81.486319, 36.241256 ], [ -81.552237, 36.276387 ], [ -81.566119, 36.272037 ], [ -81.590142, 36.304031 ], [ -81.638186, 36.349606 ], [ -81.728585547934202, 36.391218721207501 ], [ -81.734611, 36.37957 ], [ -81.717405, 36.347779 ], [ -81.764927, 36.338672 ], [ -81.7908, 36.355907 ], [ -81.833202, 36.347339 ], [ -81.857333, 36.334787 ], [ -81.918111258658101, 36.287113206280203 ] ] ] } },
{ "type": "Feature", "properties": { "geoid": "37069", "county": "Franklin" }, "geometry": { "type": "Polygon", "coordinates": [ [ [ -78.496614, 36.175199 ], [ -78.544817, 36.080673 ], [ -78.546414, 36.021826 ], [ -78.426864, 35.975012 ], [ -78.394331, 35.936876 ], [ -78.353277, 35.931056 ], [ -78.350974, 35.910124 ], [ -78.307597, 35.894871 ], [ -78.278014, 35.867335 ], [ -78.255973, 35.81812 ], [ -78.182182, 35.938758 ], [ -78.131228, 36.016798 ], [ -78.006551, 36.202633 ], [ -78.066147, 36.216464 ], [ -78.109778, 36.210163 ], [ -78.132739, 36.246281 ], [ -78.189124, 36.247651 ], [ -78.22488, 36.256553 ], [ -78.306965, 36.266191 ], [ -78.338135, 36.234448 ], [ -78.37814, 36.235065 ], [ -78.412095, 36.169597 ], [ -78.424678, 36.163678 ], [ -78.496614, 36.175199 ] ] ] } },
{ "type": "Feature", "properties": { "geoid": "37195", "county": "Wilson" }, "geometry": { "type": "Polygon", "coordinates": [ [ [ -78.192117, 35.730545 ], [ -78.160312, 35.711018 ], [ -78.157521, 35.685261 ], [ -78.125587, 35.603111 ], [ -78.064784, 35.585263 ], [ -78.058006, 35.597806 ], [ -77.998446, 35.585614 ], [ -77.822511, 35.585383 ], [ -77.80623, 35.583474 ], [ -77.700692, 35.652295 ], [ -77.665131, 35.674935 ], [ -77.674837, 35.689104 ], [ -77.718414, 35.728802 ], [ -77.75042, 35.817878 ], [ -77.751339, 35.827794 ], [ -77.828444, 35.867208 ], [ -77.844737, 35.837618 ], [ -77.873867, 35.849731 ], [ -77.897358, 35.843853 ], [ -78.022703, 35.79337 ], [ -78.147209, 35.745769 ], [ -78.192117, 35.730545 ] ] ] } },
{ "type": "Feature", "properties": { "geoid": "37181", "county": "Vance" }, "geometry": { "type": "Polygon", "coordinates": [ [ [ -78.456967000547095, 36.542474040510001 ], [ -78.496188, 36.510002 ], [ -78.511224, 36.454808 ], [ -78.508331, 36.182956 ], [ -78.496614, 36.175199 ], [ -78.424678, 36.163678 ], [ -78.412095, 36.169597 ], [ -78.37814, 36.235065 ], [ -78.338135, 36.234448 ], [ -78.306965, 36.266191 ], [ -78.277165, 36.306132 ], [ -78.323988319867695, 36.5438082240453 ], [ -78.456967000547095, 36.542474040510001 ] ] ] } },
{ "type": "Feature", "properties": { "geoid": "37149", "county": "Polk" }, "geometry": { "type": "Polygon", "coordinates": [ [ [ -82.261305, 35.393198 ], [ -82.305265, 35.33263 ], [ -82.316477, 35.308255 ], [ -82.346141, 35.285992 ], [ -82.353654314733802, 35.192222581044902 ], [ -82.32335, 35.184789 ], [ -82.27492, 35.200071 ], [ -82.176874, 35.19379 ], [ -81.969345823206893, 35.1872287391339 ], [ -81.962806, 35.22686 ], [ -81.968788, 35.257764 ], [ -81.995719, 35.270615 ], [ -82.000653, 35.282541 ], [ -82.029517, 35.301502 ], [ -82.053984, 35.335425 ], [ -82.079311, 35.345606 ], [ -82.122233, 35.392503 ], [ -82.151535, 35.407581 ], [ -82.171609, 35.409318 ], [ -82.18515, 35.396619 ], [ -82.204552, 35.40363 ], [ -82.239115, 35.402557 ], [ -82.261305, 35.393198 ] ] ] } },
{ "type": "Feature", "properties": { "geoid": "37071", "county": "Gaston" }, "geometry": { "type": "Polygon", "coordinates": [ [ [ -81.4556, 35.419811 ], [ -81.398924, 35.353138 ], [ -81.356682, 35.330604 ], [ -81.3666, 35.314857 ], [ -81.353507, 35.277351 ], [ -81.321729, 35.260449 ], [ -81.323668, 35.189605 ], [ -81.328039375457294, 35.163405284383998 ], [ -81.109295, 35.154115 ], [ -81.04287, 35.149248 ], [ -81.005806, 35.157023 ], [ -81.005268, 35.207686 ], [ -81.014127, 35.22196 ], [ -81.008268, 35.248056 ], [ -81.01505, 35.268655 ], [ -81.000873, 35.305379 ], [ -80.980804, 35.32979 ], [ -80.981471, 35.342653 ], [ -80.942509, 35.350899 ], [ -80.935877, 35.36211 ], [ -80.962896, 35.375107 ], [ -80.95486, 35.400078 ], [ -81.011385, 35.403599 ], [ -81.4556, 35.419811 ] ] ] } },
{ "type": "Feature", "properties": { "geoid": "37011", "county": "Avery" }, "geometry": { "type": "Polygon", "coordinates": [ [ [ -82.080944957900996, 36.105761480581101 ], [ -82.068021, 36.063979 ], [ -82.039175, 36.007774 ], [ -82.058764, 35.98716 ], [ -82.034104, 35.942057 ], [ -81.981954, 35.911361 ], [ -81.954602, 35.926649 ], [ -81.962987, 35.941783 ], [ -81.943188, 35.96005 ], [ -81.899871, 35.999909 ], [ -81.870031, 35.976306 ], [ -81.844536, 35.974976 ], [ -81.807162, 35.961955 ], [ -81.735673, 36.067584 ], [ -81.758517, 36.077164 ], [ -81.76114, 36.090129 ], [ -81.810516, 36.111511 ], [ -81.829377, 36.169011 ], [ -81.856781, 36.19368 ], [ -81.885383, 36.189451 ], [ -81.909008, 36.216392 ], [ -81.911197, 36.229276 ], [ -81.893678, 36.263767 ], [ -81.900499, 36.281094 ], [ -81.918111258658101, 36.287113206280203 ], [ -82.033141, 36.120422 ], [ -82.054142, 36.126821 ], [ -82.080944957900996, 36.105761480581101 ] ] ] } },
{ "type": "Feature", "properties": { "geoid": "37143", "county": "Perquimans" }, "geometry": { "type": "Polygon", "coordinates": [ [ [ -76.559646, 36.351056 ], [ -76.573178, 36.257223 ], [ -76.590107, 36.238862 ], [ -76.573073, 36.111757 ], [ -76.539064, 36.094572 ], [ -76.517532, 36.097401 ], [ -76.49442, 36.08457 ], [ -76.480594, 36.093159 ], [ -76.445591, 36.075903 ], [ -76.411816114973007, 36.0753293042306 ], [ -76.347025, 36.088765 ], [ -76.323479, 36.084879 ], [ -76.315889, 36.100865 ], [ -76.346419, 36.121023 ], [ -76.371743, 36.117763 ], [ -76.458021, 36.185317 ], [ -76.438056, 36.191839 ], [ -76.390282, 36.162486 ], [ -76.373572, 36.138208 ], [ -76.323257, 36.134849 ], [ -76.30934, 36.124882 ], [ -76.257895, 36.106434 ], [ -76.213686, 36.096064 ], [ -76.218915, 36.118147 ], [ -76.246011, 36.158648 ], [ -76.277147, 36.180713 ], [ -76.273506961951895, 36.190785639621701 ], [ -76.290671, 36.223497 ], [ -76.317729, 36.240409 ], [ -76.37488, 36.258654 ], [ -76.381218, 36.27585 ], [ -76.447503, 36.363553 ], [ -76.453711, 36.378092 ], [ -76.559646, 36.351056 ] ] ] } },
{ "type": "Feature", "properties": { "geoid": "37157", "county": "Rockingham" }, "geometry": { "type": "Polygon", "coordinates": [ [ [ -80.027338975959196, 36.542495111325699 ], [ -80.035119, 36.257184 ], [ -79.700565, 36.245895 ], [ -79.53241, 36.241463 ], [ -79.531865, 36.249673 ], [ -79.513647055786294, 36.540757862067402 ], [ -79.887262, 36.542838 ], [ -80.027338975959196, 36.542495111325699 ] ] ] } },
{ "type": "Feature", "properties": { "geoid": "37067", "county": "Forsyth" }, "geometry": { "type": "Polygon", "coordinates": [ [ [ -80.452656, 36.241651 ], [ -80.432257, 36.216175 ], [ -80.446372, 36.206548 ], [ -80.436881, 36.168465 ], [ -80.439437, 36.136925 ], [ -80.463016, 36.117885 ], [ -80.506468, 36.108578 ], [ -80.516682, 36.084048 ], [ -80.496283, 36.046545 ], [ -80.463795, 36.062578 ], [ -80.441892, 36.030643 ], [ -80.418483, 36.016425 ], [ -80.419556, 35.985715 ], [ -80.394307, 35.972762 ], [ -80.330298, 35.996556 ], [ -80.213841, 35.997114 ], [ -80.213692, 36.026808 ], [ -80.149788, 36.026768 ], [ -80.043238, 36.010758 ], [ -80.035119, 36.257184 ], [ -80.451925, 36.261515 ], [ -80.452656, 36.241651 ] ] ] } },
{ "type": "Feature", "properties": { "geoid": "37107", "county": "Lenoir" }, "geometry": { "type": "Polygon", "coordinates": [ [ [ -77.806248, 35.368754 ], [ -77.82418, 35.343811 ], [ -77.834249, 35.177846 ], [ -77.769177, 35.145576 ], [ -77.749572, 35.10861 ], [ -77.746037, 35.02234 ], [ -77.731026, 35.008138 ], [ -77.601282, 35.071368 ], [ -77.507463, 35.172814 ], [ -77.527182, 35.243001 ], [ -77.473692, 35.228985 ], [ -77.432566, 35.250177 ], [ -77.440624, 35.303476 ], [ -77.431253, 35.32983 ], [ -77.391026, 35.339533 ], [ -77.433057, 35.368051 ], [ -77.470722, 35.409765 ], [ -77.475515, 35.426655 ], [ -77.49262, 35.411707 ], [ -77.509899, 35.421517 ], [ -77.534173, 35.398104 ], [ -77.589323, 35.373763 ], [ -77.606957, 35.379497 ], [ -77.637314, 35.354455 ], [ -77.679281, 35.347515 ], [ -77.697516, 35.377097 ], [ -77.777669, 35.367664 ], [ -77.806248, 35.368754 ] ] ] } },
{ "type": "Feature", "properties": { "geoid": "37077", "county": "Granville" }, "geometry": { "type": "Polygon", "coordinates": [ [ [ -78.802335, 36.235794 ], [ -78.80469, 36.094551 ], [ -78.781665, 36.071621 ], [ -78.751273, 36.070834 ], [ -78.718788, 36.075918 ], [ -78.683224, 36.074484 ], [ -78.546414, 36.021826 ], [ -78.544817, 36.080673 ], [ -78.496614, 36.175199 ], [ -78.508331, 36.182956 ], [ -78.511224, 36.454808 ], [ -78.496188, 36.510002 ], [ -78.456967000547095, 36.542474040510001 ], [ -78.509965, 36.541065 ], [ -78.796271001409096, 36.541713013151302 ], [ -78.794845, 36.526439 ], [ -78.802335, 36.235794 ] ] ] } },
{ "type": "Feature", "properties": { "geoid": "37097", "county": "Iredell" }, "geometry": { "type": "Polygon", "coordinates": [ [ [ -81.109507, 35.776594 ], [ -81.069305, 35.739548 ], [ -81.060249, 35.710255 ], [ -81.017733, 35.712728 ], [ -80.994445, 35.70211 ], [ -80.966675, 35.671012 ], [ -80.950743, 35.640951 ], [ -80.925515, 35.620946 ], [ -80.943524, 35.604931 ], [ -80.960025, 35.54702 ], [ -80.955508, 35.532502 ], [ -80.962142, 35.498656 ], [ -80.947344, 35.488473 ], [ -80.906723, 35.514785 ], [ -80.784167, 35.506017 ], [ -80.737249, 35.505801 ], [ -80.739797, 35.544145 ], [ -80.771582, 35.672163 ], [ -80.707824, 35.852961 ], [ -80.693197, 36.05126 ], [ -80.881591, 36.055718 ], [ -80.975675, 36.05881 ], [ -81.028833, 36.045652 ], [ -81.0034, 35.996737 ], [ -81.005541, 35.958287 ], [ -81.041339, 35.857855 ], [ -81.063265, 35.826557 ], [ -81.109507, 35.776594 ] ] ] } },
{ "type": "Feature", "properties": { "geoid": "37045", "county": "Cleveland" }, "geometry": { "type": "Polygon", "coordinates": [ [ [ -81.768108596181193, 35.180388327917797 ], [ -81.328039375457294, 35.163405284383998 ], [ -81.323668, 35.189605 ], [ -81.321729, 35.260449 ], [ -81.353507, 35.277351 ], [ -81.3666, 35.314857 ], [ -81.356682, 35.330604 ], [ -81.398924, 35.353138 ], [ -81.4556, 35.419811 ], [ -81.481383, 35.471503 ], [ -81.513004, 35.523317 ], [ -81.509218, 35.550352 ], [ -81.537599, 35.564228 ], [ -81.573187, 35.558679 ], [ -81.580543, 35.567518 ], [ -81.648967, 35.56161 ], [ -81.691989, 35.580041 ], [ -81.69382, 35.51552 ], [ -81.702853, 35.357304 ], [ -81.759541, 35.222646 ], [ -81.768108596181193, 35.180388327917797 ] ] ] } },
{ "type": "Feature", "properties": { "geoid": "37145", "county": "Person" }, "geometry": { "type": "Polygon", "coordinates": [ [ [ -79.138331187163899, 36.541738061605002 ], [ -79.153997, 36.241875 ], [ -78.950597, 36.23932 ], [ -78.802335, 36.235794 ], [ -78.794845, 36.526439 ], [ -78.796271001409096, 36.541713013151302 ], [ -79.138331187163899, 36.541738061605002 ] ] ] } },
{ "type": "Feature", "properties": { "geoid": "37081", "county": "Guilford" }, "geometry": { "type": "Polygon", "coordinates": [ [ [ -80.043238, 36.010758 ], [ -80.046869, 35.920693 ], [ -79.738305, 35.907793 ], [ -79.541728, 35.899851 ], [ -79.539153, 36.082569 ], [ -79.53241, 36.241463 ], [ -79.700565, 36.245895 ], [ -80.035119, 36.257184 ], [ -80.043238, 36.010758 ] ] ] } },
{ "type": "Feature", "properties": { "geoid": "37035", "county": "Catawba" }, "geometry": { "type": "Polygon", "coordinates": [ [ [ -81.363796, 35.767802 ], [ -81.432898, 35.677847 ], [ -81.506809, 35.607956 ], [ -81.535403, 35.568137 ], [ -81.245276, 35.557242 ], [ -80.960025, 35.54702 ], [ -80.943524, 35.604931 ], [ -80.925515, 35.620946 ], [ -80.950743, 35.640951 ], [ -80.966675, 35.671012 ], [ -80.994445, 35.70211 ], [ -81.017733, 35.712728 ], [ -81.060249, 35.710255 ], [ -81.069305, 35.739548 ], [ -81.109507, 35.776594 ], [ -81.128613, 35.789803 ], [ -81.142327, 35.827167 ], [ -81.196081, 35.821161 ], [ -81.225814, 35.809519 ], [ -81.248998, 35.815716 ], [ -81.298074, 35.798193 ], [ -81.334272, 35.796281 ], [ -81.363796, 35.767802 ] ] ] } },
{ "type": "Feature", "properties": { "geoid": "37151", "county": "Randolph" }, "geometry": { "type": "Polygon", "coordinates": [ [ [ -80.046869, 35.920693 ], [ -80.056352, 35.750132 ], [ -80.066842, 35.505661 ], [ -79.901363, 35.509866 ], [ -79.767957, 35.511484 ], [ -79.555804, 35.515039 ], [ -79.553233, 35.599281 ], [ -79.546687, 35.708997 ], [ -79.542428, 35.843303 ], [ -79.541728, 35.899851 ], [ -79.738305, 35.907793 ], [ -80.046869, 35.920693 ] ] ] } },
{ "type": "Feature", "properties": { "geoid": "37001", "county": "Alamance" }, "geometry": { "type": "Polygon", "coordinates": [ [ [ -79.541728, 35.899851 ], [ -79.542428, 35.843303 ], [ -79.237316, 35.844247 ], [ -79.250393, 35.856978 ], [ -79.249538, 35.87681 ], [ -79.264027, 35.914114 ], [ -79.257952, 36.243445 ], [ -79.531865, 36.249673 ], [ -79.53241, 36.241463 ], [ -79.539153, 36.082569 ], [ -79.541728, 35.899851 ] ] ] } },
{ "type": "Feature", "properties": { "geoid": "37185", "county": "Warren" }, "geometry": { "type": "Polygon", "coordinates": [ [ [ -77.899771, 36.544663 ], [ -78.132911, 36.543811 ], [ -78.323988319867695, 36.5438082240453 ], [ -78.277165, 36.306132 ], [ -78.306965, 36.266191 ], [ -78.22488, 36.256553 ], [ -78.189124, 36.247651 ], [ -78.132739, 36.246281 ], [ -78.109778, 36.210163 ], [ -78.066147, 36.216464 ], [ -78.006551, 36.202633 ], [ -77.942406, 36.298526 ], [ -77.911963, 36.382446 ], [ -77.909245, 36.473937 ], [ -77.899524, 36.504259 ], [ -77.899771, 36.544663 ] ] ] } },
{ "type": "Feature", "properties": { "geoid": "37041", "county": "Chowan" }, "geometry": { "type": "Polygon", "coordinates": [ [ [ -76.693799326979601, 36.282208177701001 ], [ -76.672171, 36.271978 ], [ -76.710675, 36.223291 ], [ -76.718906, 36.200978 ], [ -76.721446, 36.147838 ], [ -76.70497, 36.10989 ], [ -76.68857, 36.10701 ], [ -76.691898, 36.06629 ], [ -76.676485, 36.043612 ], [ -76.635568, 36.037082 ], [ -76.616316, 36.054569 ], [ -76.580426, 36.010554 ], [ -76.514114, 36.006516 ], [ -76.460321, 36.024137 ], [ -76.45612, 36.033814 ], [ -76.411816114973007, 36.0753293042306 ], [ -76.445591, 36.075903 ], [ -76.480594, 36.093159 ], [ -76.49442, 36.08457 ], [ -76.517532, 36.097401 ], [ -76.539064, 36.094572 ], [ -76.573073, 36.111757 ], [ -76.590107, 36.238862 ], [ -76.573178, 36.257223 ], [ -76.559646, 36.351056 ], [ -76.570756, 36.334295 ], [ -76.642073, 36.320457 ], [ -76.696571, 36.296138 ], [ -76.693799326979601, 36.282208177701001 ] ] ] } },
{ "type": "Feature", "properties": { "geoid": "37135", "county": "Orange" }, "geometry": { "type": "Polygon", "coordinates": [ [ [ -79.257952, 36.243445 ], [ -79.264027, 35.914114 ], [ -79.249538, 35.87681 ], [ -79.081938, 35.86078 ], [ -79.016305, 35.86321 ], [ -78.950597, 36.23932 ], [ -79.153997, 36.241875 ], [ -79.257952, 36.243445 ] ] ] } },
{ "type": "Feature", "properties": { "geoid": "37037", "county": "Chatham" }, "geometry": { "type": "Polygon", "coordinates": [ [ [ -79.542428, 35.843303 ], [ -79.546687, 35.708997 ], [ -79.553233, 35.599281 ], [ -79.555804, 35.515039 ], [ -79.350073, 35.518002 ], [ -79.312086, 35.53046 ], [ -79.30338, 35.552072 ], [ -79.275541, 35.531779 ], [ -79.245199, 35.552961 ], [ -79.19928, 35.559208 ], [ -79.187954, 35.579437 ], [ -79.139145, 35.62399 ], [ -79.100144, 35.623613 ], [ -79.052552, 35.596129 ], [ -79.045615, 35.568383 ], [ -79.0166, 35.544268 ], [ -78.995638, 35.542119 ], [ -78.96964, 35.521669 ], [ -78.916067, 35.584102 ], [ -78.995048, 35.610166 ], [ -78.909416, 35.843001 ], [ -78.906071, 35.868096 ], [ -79.016305, 35.86321 ], [ -79.081938, 35.86078 ], [ -79.249538, 35.87681 ], [ -79.250393, 35.856978 ], [ -79.237316, 35.844247 ], [ -79.542428, 35.843303 ] ] ] } },
{ "type": "Feature", "properties": { "geoid": "37197", "county": "Yadkin" }, "geometry": { "type": "Polygon", "coordinates": [ [ [ -80.873205, 36.236305 ], [ -80.881591, 36.055718 ], [ -80.693197, 36.05126 ], [ -80.598372, 36.047743 ], [ -80.496283, 36.046545 ], [ -80.516682, 36.084048 ], [ -80.506468, 36.108578 ], [ -80.463016, 36.117885 ], [ -80.439437, 36.136925 ], [ -80.436881, 36.168465 ], [ -80.446372, 36.206548 ], [ -80.432257, 36.216175 ], [ -80.452656, 36.241651 ], [ -80.466728, 36.25982 ], [ -80.531801, 36.258016 ], [ -80.548004, 36.285419 ], [ -80.592795, 36.26986 ], [ -80.616181, 36.280361 ], [ -80.642986, 36.272649 ], [ -80.65329, 36.252635 ], [ -80.669783, 36.251035 ], [ -80.684583, 36.268751 ], [ -80.752346, 36.263308 ], [ -80.808357, 36.254341 ], [ -80.873205, 36.236305 ] ] ] } },
{ "type": "Feature", "properties": { "geoid": "37063", "county": "Durham" }, "geometry": { "type": "Polygon", "coordinates": [ [ [ -78.950597, 36.23932 ], [ -79.016305, 35.86321 ], [ -78.906071, 35.868096 ], [ -78.829965, 35.866978 ], [ -78.804836, 35.927552 ], [ -78.75914, 35.918401 ], [ -78.717014, 35.961265 ], [ -78.699847, 36.011427 ], [ -78.719951, 36.02959 ], [ -78.753611, 36.031384 ], [ -78.751273, 36.070834 ], [ -78.781665, 36.071621 ], [ -78.80469, 36.094551 ], [ -78.802335, 36.235794 ], [ -78.950597, 36.23932 ] ] ] } },
{ "type": "Feature", "properties": { "geoid": "37191", "county": "Wayne" }, "geometry": { "type": "Polygon", "coordinates": [ [ [ -78.064784, 35.585263 ], [ -78.15491, 35.41781 ], [ -78.145913, 35.38288 ], [ -78.162443, 35.367227 ], [ -78.158789, 35.347488 ], [ -78.209312, 35.339775 ], [ -78.234166, 35.323199 ], [ -78.256751, 35.325579 ], [ -78.289711, 35.315077 ], [ -78.30658, 35.287604 ], [ -78.246217, 35.225996 ], [ -78.161845, 35.204323 ], [ -78.16342, 35.189716 ], [ -78.077389, 35.175135 ], [ -78.044451, 35.192535 ], [ -78.020245, 35.193742 ], [ -77.97797, 35.170346 ], [ -77.953455, 35.165515 ], [ -77.929738, 35.173568 ], [ -77.897101, 35.148378 ], [ -77.883732, 35.162353 ], [ -77.834249, 35.177846 ], [ -77.82418, 35.343811 ], [ -77.806248, 35.368754 ], [ -77.799861, 35.382282 ], [ -77.805536, 35.407504 ], [ -77.826744, 35.42409 ], [ -77.822511, 35.585383 ], [ -77.998446, 35.585614 ], [ -78.058006, 35.597806 ], [ -78.064784, 35.585263 ] ] ] } },
{ "type": "Feature", "properties": { "geoid": "37061", "county": "Duplin" }, "geometry": { "type": "Polygon", "coordinates": [ [ [ -78.16342, 35.189716 ], [ -78.163013, 35.137266 ], [ -78.171845, 35.093528 ], [ -78.159833, 35.079809 ], [ -78.147129, 34.902506 ], [ -78.198642, 34.741637 ], [ -78.150553, 34.721964 ], [ -78.13522, 34.710214 ], [ -78.114007, 34.721795 ], [ -78.066197, 34.727867 ], [ -78.00788, 34.726215 ], [ -77.980738, 34.713979 ], [ -77.938901, 34.723184 ], [ -77.921538, 34.719746 ], [ -77.680127, 34.720595 ], [ -77.678882, 34.78455 ], [ -77.66606, 34.839651 ], [ -77.65107, 34.923526 ], [ -77.653352, 34.940535 ], [ -77.674805, 34.9739 ], [ -77.731026, 35.008138 ], [ -77.746037, 35.02234 ], [ -77.749572, 35.10861 ], [ -77.769177, 35.145576 ], [ -77.834249, 35.177846 ], [ -77.883732, 35.162353 ], [ -77.897101, 35.148378 ], [ -77.929738, 35.173568 ], [ -77.953455, 35.165515 ], [ -77.97797, 35.170346 ], [ -78.020245, 35.193742 ], [ -78.044451, 35.192535 ], [ -78.077389, 35.175135 ], [ -78.16342, 35.189716 ] ] ] } },
{ "type": "Feature", "properties": { "geoid": "37003", "county": "Alexander" }, "geometry": { "type": "Polygon", "coordinates": [ [ [ -81.328324, 35.996583 ], [ -81.342878, 35.923285 ], [ -81.333379, 35.87915 ], [ -81.344034, 35.824691 ], [ -81.334272, 35.796281 ], [ -81.298074, 35.798193 ], [ -81.248998, 35.815716 ], [ -81.225814, 35.809519 ], [ -81.196081, 35.821161 ], [ -81.142327, 35.827167 ], [ -81.128613, 35.789803 ], [ -81.109507, 35.776594 ], [ -81.063265, 35.826557 ], [ -81.041339, 35.857855 ], [ -81.005541, 35.958287 ], [ -81.0034, 35.996737 ], [ -81.028833, 36.045652 ], [ -81.057543, 36.031572 ], [ -81.098132, 36.028177 ], [ -81.137454, 36.036424 ], [ -81.166664, 36.025668 ], [ -81.193267, 36.036663 ], [ -81.268451, 36.024983 ], [ -81.295437, 36.007234 ], [ -81.328324, 35.996583 ] ] ] } },
{ "type": "Feature", "properties": { "geoid": "37027", "county": "Caldwell" }, "geometry": { "type": "Polygon", "coordinates": [ [ [ -81.810516, 36.111511 ], [ -81.76114, 36.090129 ], [ -81.758517, 36.077164 ], [ -81.735673, 36.067584 ], [ -81.807162, 35.961955 ], [ -81.779066, 35.946722 ], [ -81.775387, 35.933624 ], [ -81.752523, 35.924426 ], [ -81.728676, 35.890956 ], [ -81.709824, 35.875034 ], [ -81.639217, 35.848346 ], [ -81.630065, 35.830377 ], [ -81.600809, 35.825096 ], [ -81.555994, 35.777538 ], [ -81.44605, 35.785245 ], [ -81.442152, 35.774426 ], [ -81.377112, 35.757633 ], [ -81.363796, 35.767802 ], [ -81.334272, 35.796281 ], [ -81.344034, 35.824691 ], [ -81.333379, 35.87915 ], [ -81.342878, 35.923285 ], [ -81.328324, 35.996583 ], [ -81.343523, 36.022805 ], [ -81.38703, 36.043491 ], [ -81.40264, 36.065687 ], [ -81.423965, 36.077671 ], [ -81.440666, 36.073207 ], [ -81.498699, 36.100454 ], [ -81.516172, 36.097403 ], [ -81.545488, 36.117475 ], [ -81.660632, 36.118399 ], [ -81.674833, 36.122619 ], [ -81.810516, 36.111511 ] ] ] } },
{ "type": "Feature", "properties": { "geoid": "37183", "county": "Wake" }, "geometry": { "type": "Polygon", "coordinates": [ [ [ -78.906071, 35.868096 ], [ -78.909416, 35.843001 ], [ -78.995048, 35.610166 ], [ -78.916067, 35.584102 ], [ -78.708902, 35.519458 ], [ -78.482873, 35.694237 ], [ -78.365477, 35.756233 ], [ -78.255973, 35.81812 ], [ -78.278014, 35.867335 ], [ -78.307597, 35.894871 ], [ -78.350974, 35.910124 ], [ -78.353277, 35.931056 ], [ -78.394331, 35.936876 ], [ -78.426864, 35.975012 ], [ -78.546414, 36.021826 ], [ -78.683224, 36.074484 ], [ -78.718788, 36.075918 ], [ -78.751273, 36.070834 ], [ -78.753611, 36.031384 ], [ -78.719951, 36.02959 ], [ -78.699847, 36.011427 ], [ -78.717014, 35.961265 ], [ -78.75914, 35.918401 ], [ -78.804836, 35.927552 ], [ -78.829965, 35.866978 ], [ -78.906071, 35.868096 ] ] ] } },
{ "type": "Feature", "properties": { "geoid": "37109", "county": "Lincoln" }, "geometry": { "type": "Polygon", "coordinates": [ [ [ -81.535403, 35.568137 ], [ -81.537599, 35.564228 ], [ -81.509218, 35.550352 ], [ -81.513004, 35.523317 ], [ -81.481383, 35.471503 ], [ -81.4556, 35.419811 ], [ -81.011385, 35.403599 ], [ -80.95486, 35.400078 ], [ -80.958691, 35.432634 ], [ -80.942489, 35.457728 ], [ -80.947344, 35.488473 ], [ -80.962142, 35.498656 ], [ -80.955508, 35.532502 ], [ -80.960025, 35.54702 ], [ -81.245276, 35.557242 ], [ -81.535403, 35.568137 ] ] ] } }
]
}
